"site","wyear","count","epi_year","lambda","epi.phase","site.status","mean_early_temp_global","log_early_vpd_global","pre.wns.colony.size","mylu.count"
"7VGnzj8",2010,720,-5,1.070637152,"Pre-invasion","Declining",NA,NA,988,NA
"7VGnzj8",2012,806,-3,1.057959725,"Pre-invasion","Declining",NA,NA,988,NA
"7VGnzj8",2013,988,-2,1.225526642,"Pre-invasion","Declining",NA,NA,988,NA
"7VGnzj8",2015,1134,0,1.071272077,"Invasion","Declining",NA,NA,988,NA
"7VGnzj8",2016,1249,1,1.101321586,"Invasion","Declining",NA,NA,988,NA
"7VGnzj8",2018,1181,3,0.972419662,"Invasion","Declining",NA,NA,988,NA
"NwzhVOc",2011,22,-3,1.073922794,"Pre-invasion","Persisting",NA,NA,23,NA
"NwzhVOc",2013,23,-1,1.021507837,"Pre-invasion","Persisting",NA,NA,23,NA
"NwzhVOc",2014,17,0,0.75,"Invasion","Persisting",NA,NA,23,NA
"NwzhVOc",2016,9,2,0.745355992,"Invasion","Persisting",NA,NA,23,NA
"NwzhVOc",2018,12,4,1.140175425,"Invasion","Persisting",NA,NA,23,NA
"xQgxw8a",2008,2015,-5,NA,"Pre-invasion","Declining",NA,NA,3406,NA
"xQgxw8a",2009,2142,-4,1.062996032,"Pre-invasion","Declining",NA,NA,3406,NA
"xQgxw8a",2011,3406,-2,1.260883557,"Pre-invasion","Declining",NA,NA,3406,NA
"xQgxw8a",2013,3537,0,1.019043792,"Invasion","Declining",NA,NA,3406,NA
"xQgxw8a",2015,2878,2,0.902073486,"Invasion","Declining",NA,NA,3406,NA
"xQgxw8a",2018,2197,5,0.913963126,"Invasion","Declining",NA,NA,3406,NA
"VpxGpG7",2009,1,-4,NA,"Pre-invasion","Extirpated",NA,NA,10,NA
"VpxGpG7",2011,10,-2,2.34520788,"Pre-invasion","Extirpated",NA,NA,10,NA
"VpxGpG7",2013,2,0,0.522232968,"Invasion","Extirpated",NA,NA,10,20
"VpxGpG7",2014,1,1,0.666666667,"Invasion","Extirpated",NA,NA,10,8
"VpxGpG7",2015,0,2,0.5,"Invasion","Extirpated",NA,NA,10,NA
"2vFT15x",2009,8773,-4,1.122375698,"Pre-invasion","Persisting",NA,NA,10812,NA
"2vFT15x",2011,10812,-2,1.110131143,"Pre-invasion","Persisting",NA,NA,10812,NA
"2vFT15x",2013,12897,0,1.092164572,"Invasion","Persisting",NA,NA,10812,NA
"2vFT15x",2015,14337,2,1.054345871,"Invasion","Persisting",NA,NA,10812,NA
"2vFT15x",2017,14775,4,1.015159196,"Invasion","Persisting",NA,NA,10812,NA
"2vFT15x",2019,11806,6,0.893904946,"Established","Persisting",NA,NA,10812,NA
"3VIxjm1",2009,0,-2,0.967531779,"Pre-invasion",NA,NA,NA,NA,NA
"YHSGMpS",2017,8,8,NA,"Established","Extirpated",NA,NA,NA,NA
"YHSGMpS",2018,0,9,0.111111111,"Established","Extirpated",NA,NA,NA,NA
"puqoyHQ",2009,1940,-4,1.01046601,"Pre-invasion","Persisting",NA,NA,2950,NA
"puqoyHQ",2011,2950,-2,1.233024872,"Pre-invasion","Persisting",NA,NA,2950,NA
"puqoyHQ",2013,3416,0,1.076063461,"Invasion","Persisting",NA,NA,2950,NA
"puqoyHQ",2015,2895,2,0.920612335,"Invasion","Persisting",NA,NA,2950,NA
"puqoyHQ",2017,3264,4,1.061799005,"Invasion","Persisting",NA,NA,2950,NA
"puqoyHQ",2019,1427,6,0.661336528,"Established","Persisting",NA,NA,2950,NA
"n6r8sb1",2015,23,0,1.075989625,"Invasion","Declining",NA,NA,NA,NA
"n6r8sb1",2017,8,2,0.612372436,"Invasion","Declining",NA,NA,NA,NA
"jMwH0KZ",2015,0,0,0.982384004,"Invasion",NA,NA,NA,NA,NA
"f0mGdJz",2009,28,-4,1.017700489,"Pre-invasion","Declining",7.894867076,-1.22397266,31,NA
"f0mGdJz",2011,31,-2,1.050451463,"Pre-invasion","Declining",7.894867076,-1.22397266,31,NA
"f0mGdJz",2013,45,0,1.198957881,"Invasion","Declining",7.894867076,-1.22397266,31,NA
"f0mGdJz",2015,34,2,0.872278376,"Invasion","Declining",7.894867076,-1.22397266,31,NA
"f0mGdJz",2017,18,4,0.736788398,"Invasion","Declining",7.894867076,-1.22397266,31,NA
"f0mGdJz",2019,11,6,0.794719414,"Established","Declining",7.894867076,-1.22397266,31,NA
"9GkHzF4",2011,327,-1,NA,"Pre-invasion","Persisting",NA,NA,327,NA
"9GkHzF4",2012,346,0,1.057926829,"Invasion","Persisting",NA,NA,327,NA
"9GkHzF4",2013,136,1,0.39481268,"Invasion","Persisting",NA,NA,327,NA
"9GkHzF4",2015,556,3,2.016356474,"Invasion","Persisting",NA,NA,327,NA
"9GkHzF4",2017,297,5,0.731443078,"Invasion","Persisting",NA,NA,327,NA
"9GkHzF4",2019,2,7,0.100335009,"Established","Persisting",NA,NA,327,NA
"XsjJlyq",2015,1,-1,1.414213562,"Pre-invasion","Extirpated",NA,NA,1,NA
"XsjJlyq",2016,1,0,1,"Invasion","Extirpated",NA,NA,1,NA
"XsjJlyq",2018,0,2,0.707106781,"Invasion","Extirpated",NA,NA,1,NA
"UOt4akg",2016,0,0,0.832683178,"Invasion",NA,NA,NA,NA,NA
"gcTlVTj",2003,16,-5,1.534206383,"Pre-invasion","Extirpated",2.986603856,NA,16,NA
"gcTlVTj",2010,0,2,0.667147069,"Invasion","Extirpated",2.986603856,NA,16,NA
"du0x1jX",2004,14,-5,1.553616253,"Pre-invasion","Extirpated",NA,NA,10,NA
"du0x1jX",2006,10,-3,0.856348839,"Pre-invasion","Extirpated",NA,NA,10,NA
"du0x1jX",2009,2,0,0.648499317,"Invasion","Extirpated",NA,NA,10,NA
"du0x1jX",2010,0,1,0.333333333,"Invasion","Extirpated",NA,NA,10,3962
"JGVkSAe",2007,139,-4,1.382348001,"Pre-invasion","Declining",10.6,-1.319403795,139,NA
"JGVkSAe",2013,95,2,0.939053926,"Invasion","Declining",10.6,-1.319403795,139,NA
"JGVkSAe",2015,15,4,0.40824829,"Invasion","Declining",10.6,-1.319403795,139,NA
"JGVkSAe",2017,10,6,0.829156198,"Established","Declining",10.6,-1.319403795,139,NA
"JGVkSAe",2019,6,8,0.797724035,"Established","Declining",10.6,-1.319403795,139,NA
"yU442aV",2013,126,-1,NA,"Pre-invasion","Persisting",NA,NA,126,NA
"yU442aV",2015,116,1,0.959822818,"Invasion","Persisting",NA,NA,126,NA
"yU442aV",2017,41,3,0.59914469,"Invasion","Persisting",NA,NA,126,NA
"yU442aV",2018,17,4,0.428571429,"Invasion","Persisting",NA,NA,126,NA
"yU442aV",2019,172,5,9.611111111,"Invasion","Persisting",NA,NA,126,NA
"zgIfaWk",2007,320,-5,1.168741822,"Pre-invasion","Persisting",6.394262295,-0.335173788,305,NA
"zgIfaWk",2009,305,-3,0.976355995,"Pre-invasion","Persisting",6.394262295,-0.335173788,305,NA
"zgIfaWk",2012,334,0,1.030641898,"Invasion","Persisting",6.394262295,-0.335173788,305,NA
"zgIfaWk",2015,125,3,0.721841609,"Invasion","Persisting",6.394262295,-0.335173788,305,NA
"zgIfaWk",2017,74,5,0.77151675,"Invasion","Persisting",6.394262295,-0.335173788,305,NA
"zgIfaWk",2019,83,7,1.058300524,"Established","Persisting",6.394262295,-0.335173788,305,NA
"WUjdxgC",2009,89,-5,1.184210526,"Pre-invasion","Persisting",NA,NA,54,NA
"WUjdxgC",2011,62,-3,0.836660027,"Pre-invasion","Persisting",NA,NA,54,NA
"WUjdxgC",2013,54,-1,0.934353184,"Pre-invasion","Persisting",NA,NA,54,NA
"WUjdxgC",2014,45,0,0.836363636,"Invasion","Persisting",NA,NA,54,NA
"WUjdxgC",2017,39,3,0.954481217,"Invasion","Persisting",NA,NA,54,NA
"WUjdxgC",2019,64,5,1.274754878,"Invasion","Persisting",NA,NA,54,NA
"tLATE3D",2009,54,-5,0.88640526,"Pre-invasion","Persisting",NA,NA,92,NA
"tLATE3D",2010,109,-4,2,"Pre-invasion","Persisting",NA,NA,92,NA
"tLATE3D",2011,104,-3,0.954545455,"Pre-invasion","Persisting",NA,NA,92,NA
"tLATE3D",2012,74,-2,0.714285714,"Pre-invasion","Persisting",NA,NA,92,NA
"tLATE3D",2013,92,-1,1.24,"Pre-invasion","Persisting",NA,NA,92,NA
"tLATE3D",2014,68,0,0.741935484,"Invasion","Persisting",NA,NA,92,NA
"tLATE3D",2016,16,2,0.496363588,"Invasion","Persisting",NA,NA,92,NA
"tLATE3D",2017,2,3,0.176470588,"Invasion","Persisting",NA,NA,92,NA
"tLATE3D",2019,3,5,1.154700538,"Invasion","Persisting",NA,NA,92,NA
"3STP2io",2013,88,-4,1.179247642,"Pre-invasion","Declining",NA,NA,88,NA
"3STP2io",2017,18,0,0.679736981,"Invasion","Declining",NA,NA,88,NA
"3STP2io",2019,12,2,0.827170192,"Invasion","Declining",NA,NA,88,NA
"1abfmMg",2008,1981,-4,1.059991871,"Pre-invasion","Declining",NA,NA,2378,NA
"1abfmMg",2010,2378,-2,1.095583281,"Pre-invasion","Declining",NA,NA,2378,NA
"1abfmMg",2012,3271,0,1.172760761,"Invasion","Declining",NA,NA,2378,NA
"1abfmMg",2014,2573,2,0.886946907,"Invasion","Declining",NA,NA,2378,NA
"1abfmMg",2018,2268,6,0.968961426,"Established","Declining",NA,NA,2378,NA
"wvSR9Bo",2009,6,-5,1,"Pre-invasion","Extirpated",NA,NA,9,NA
"wvSR9Bo",2010,6,-4,1,"Pre-invasion","Extirpated",NA,NA,9,NA
"wvSR9Bo",2011,7,-3,1.142857143,"Pre-invasion","Extirpated",NA,NA,9,NA
"wvSR9Bo",2012,10,-2,1.375,"Pre-invasion","Extirpated",NA,NA,9,NA
"wvSR9Bo",2013,9,-1,0.909090909,"Pre-invasion","Extirpated",NA,NA,9,NA
"wvSR9Bo",2014,7,0,0.8,"Invasion","Extirpated",NA,NA,9,NA
"wvSR9Bo",2016,0,2,0.353553391,"Invasion","Extirpated",NA,NA,9,NA
"rSToZzC",2011,230,-3,0.817930728,"Pre-invasion","Persisting",NA,NA,171,NA
"rSToZzC",2012,171,-2,0.744588745,"Pre-invasion","Persisting",NA,NA,171,NA
"rSToZzC",2014,195,0,1.067489992,"Invasion","Persisting",NA,NA,171,NA
"rSToZzC",2016,390,2,1.412408567,"Invasion","Persisting",NA,NA,171,NA
"rSToZzC",2018,444,4,1.066821174,"Invasion","Persisting",NA,NA,171,NA
"sNT6vaX",2003,4940,-5,0.962817161,"Pre-invasion","Persisting",5.756270492,-4,9393,NA
"sNT6vaX",2005,6818,-3,1.174770192,"Pre-invasion","Persisting",5.756270492,-4,9393,NA
"sNT6vaX",2007,9393,-1,1.173721156,"Pre-invasion","Persisting",5.756270492,-4,9393,NA
"sNT6vaX",2008,9664,0,1.028848201,"Invasion","Persisting",5.756270492,-4,9393,NA
"sNT6vaX",2009,11009,1,1.139161924,"Invasion","Persisting",5.756270492,-4,9393,5616
"sNT6vaX",2010,10678,2,0.969936421,"Invasion","Persisting",5.756270492,-4,9393,NA
"sNT6vaX",2011,7398,3,0.692855136,"Invasion","Persisting",5.756270492,-4,9393,5963
"sNT6vaX",2013,13553,5,1.353465615,"Invasion","Persisting",5.756270492,-4,9393,NA
"sNT6vaX",2015,14023,7,1.017190302,"Established","Persisting",5.756270492,-4,9393,NA
"sNT6vaX",2017,11083,9,0.889021588,"Established","Persisting",5.756270492,-4,9393,NA
"xN4kPbE",2009,23346,-4,0.79496766,"Pre-invasion","Persisting",NA,NA,35037,NA
"xN4kPbE",2011,35037,-2,1.22505084,"Pre-invasion","Persisting",NA,NA,35037,NA
"xN4kPbE",2013,23631,0,0.821259838,"Invasion","Persisting",NA,NA,35037,NA
"xN4kPbE",2015,27109,2,1.071061774,"Invasion","Persisting",NA,NA,35037,NA
"xN4kPbE",2017,25416,4,0.968272028,"Invasion","Persisting",NA,NA,35037,NA
"xN4kPbE",2019,26237,6,1.016022252,"Established","Persisting",NA,NA,35037,NA
"CurVM0r",2007,4388,-4,0.800397653,"Pre-invasion","Declining",8.069063125,NA,4222,NA
"CurVM0r",2009,4222,-2,0.980906811,"Pre-invasion","Declining",8.069063125,NA,4222,NA
"CurVM0r",2011,3058,0,0.851097271,"Invasion","Declining",8.069063125,NA,4222,NA
"CurVM0r",2013,300,2,0.313684825,"Invasion","Declining",8.069063125,NA,4222,NA
"CurVM0r",2015,11,4,0.199667498,"Invasion","Declining",8.069063125,NA,4222,NA
"CurVM0r",2017,6,6,0.763762616,"Established","Declining",8.069063125,NA,4222,NA
"CurVM0r",2019,5,8,0.9258201,"Established","Declining",8.069063125,NA,4222,NA
"a5JjmEO",2010,2,-1,3,"Pre-invasion","Extirpated",NA,NA,2,NA
"a5JjmEO",2011,3,0,1.333333333,"Invasion","Extirpated",NA,NA,2,NA
"a5JjmEO",2013,0,2,0.5,"Invasion","Extirpated",NA,NA,2,NA
"xdRqtLf",2009,106,-4,0.981816665,"Pre-invasion","Extirpated",NA,NA,120,NA
"xdRqtLf",2011,120,-2,1.063410138,"Pre-invasion","Extirpated",NA,NA,120,NA
"xdRqtLf",2013,125,0,1.020452015,"Invasion","Extirpated",NA,NA,120,NA
"xdRqtLf",2015,9,2,0.281718085,"Invasion","Extirpated",NA,NA,120,NA
"xdRqtLf",2017,0,4,0.316227766,"Invasion","Extirpated",NA,NA,120,NA
"N0lyKIF",2006,6,-3,7,"Pre-invasion",NA,NA,NA,6,NA
"N0lyKIF",2009,0,0,0.522757959,"Invasion",NA,NA,NA,6,NA
"sJ8vZiO",2014,15,0,NA,"Invasion","Extirpated",NA,NA,NA,NA
"sJ8vZiO",2015,12,1,0.8125,"Invasion","Extirpated",NA,NA,NA,19
"sJ8vZiO",2017,6,3,0.733799386,"Invasion","Extirpated",NA,NA,NA,NA
"sJ8vZiO",2019,0,5,0.377964473,"Invasion","Extirpated",NA,NA,NA,NA
"ivTW8eG",2011,15,-2,0.900640026,"Pre-invasion","Declining",NA,NA,19,NA
"ivTW8eG",2012,19,-1,1.25,"Pre-invasion","Declining",NA,NA,19,NA
"ivTW8eG",2013,31,0,1.6,"Invasion","Declining",NA,NA,19,NA
"ivTW8eG",2014,10,1,0.34375,"Invasion","Declining",NA,NA,19,NA
"ivTW8eG",2016,3,3,0.603022689,"Invasion","Declining",NA,NA,19,NA
"ivTW8eG",2018,1,5,0.707106781,"Invasion","Declining",NA,NA,19,NA
"Sl6b3K0",2014,53,0,NA,"Invasion","Declining",NA,NA,NA,NA
"Sl6b3K0",2015,29,1,0.555555556,"Invasion","Declining",NA,NA,NA,71
"Sl6b3K0",2019,6,5,0.69501503,"Invasion","Declining",NA,NA,NA,NA
"78dDwln",2008,1,-4,NA,"Pre-invasion",NA,NA,NA,1,NA
"78dDwln",2009,1,-3,1,"Pre-invasion",NA,NA,NA,1,NA
"78dDwln",2010,0,-2,0.5,"Pre-invasion",NA,NA,NA,1,NA
"Xqk5y1f",2007,262,-4,1.038204629,"Pre-invasion","Declining",7.279336188,-0.306188639,474,NA
"Xqk5y1f",2009,474,-2,1.343906117,"Pre-invasion","Declining",7.279336188,-0.306188639,474,NA
"Xqk5y1f",2011,412,0,0.932455728,"Invasion","Declining",7.279336188,-0.306188639,474,NA
"Xqk5y1f",2013,79,2,0.440118848,"Invasion","Declining",7.279336188,-0.306188639,474,NA
"Xqk5y1f",2015,43,4,0.741619849,"Invasion","Declining",7.279336188,-0.306188639,474,NA
"Xqk5y1f",2017,24,6,0.753778361,"Established","Declining",7.279336188,-0.306188639,474,NA
"Xqk5y1f",2019,20,8,0.916515139,"Established","Declining",7.279336188,-0.306188639,474,NA
"Hyufez5",2008,1,-5,0.707106781,"Pre-invasion","Extirpated",NA,NA,2,NA
"Hyufez5",2010,0,-3,0.707106781,"Pre-invasion","Extirpated",NA,NA,2,NA
"Hyufez5",2012,2,-1,1.732050808,"Pre-invasion","Extirpated",NA,NA,2,NA
"Hyufez5",2014,1,1,0.816496581,"Invasion","Extirpated",NA,NA,2,NA
"Hyufez5",2016,1,3,1,"Invasion","Extirpated",NA,NA,2,NA
"Hyufez5",2018,0,5,0.707106781,"Invasion","Extirpated",NA,NA,2,NA
"2wfEXPS",2009,27,-3,1.137351629,"Pre-invasion","Extirpated",NA,NA,27,NA
"2wfEXPS",2012,25,0,0.975599956,"Invasion","Extirpated",NA,NA,27,NA
"2wfEXPS",2014,13,2,0.733799386,"Invasion","Extirpated",NA,NA,27,NA
"2wfEXPS",2016,1,4,0.377964473,"Invasion","Extirpated",NA,NA,27,NA
"2wfEXPS",2018,0,6,0.707106781,"Established","Extirpated",NA,NA,27,NA
"Q6zbAmg",2013,478,0,0.856536324,"Invasion","Persisting",8.073167558,-2.48446524,NA,NA
"Q6zbAmg",2014,40,1,0.08559499,"Invasion","Persisting",8.073167558,-2.48446524,NA,6707
"Q6zbAmg",2015,21,2,0.536585366,"Invasion","Persisting",8.073167558,-2.48446524,NA,7399
"Q6zbAmg",2016,13,3,0.636363636,"Invasion","Persisting",8.073167558,-2.48446524,NA,284
"Q6zbAmg",2018,11,5,0.9258201,"Invasion","Persisting",8.073167558,-2.48446524,NA,NA
"Q6zbAmg",2019,13,6,1.166666667,"Established","Persisting",8.073167558,-2.48446524,NA,177
"Q6zbAmg",2020,4,7,0.357142857,"Established","Persisting",8.073167558,-2.48446524,NA,322
"Q6zbAmg",2021,4,8,1,"Established","Persisting",8.073167558,-2.48446524,NA,390
"Q6zbAmg",2022,8,9,1.8,"Established","Persisting",8.073167558,-2.48446524,NA,529
"CRzgqxp",2014,1,0,2,"Invasion","Extirpated",NA,NA,NA,NA
"CRzgqxp",2015,0,1,0.5,"Invasion","Extirpated",NA,NA,NA,NA
"u9ljJ5n",2012,24,-1,NA,"Pre-invasion","Declining",NA,NA,24,NA
"u9ljJ5n",2013,49,0,2,"Invasion","Declining",NA,NA,24,146
"u9ljJ5n",2018,8,5,0.709666821,"Invasion","Declining",NA,NA,24,NA
"Peo56oN",2009,3,-4,0.894427191,"Pre-invasion","Extirpated",NA,NA,1,NA
"Peo56oN",2011,1,-2,0.707106781,"Pre-invasion","Extirpated",NA,NA,1,NA
"Peo56oN",2013,1,0,1,"Invasion","Extirpated",NA,NA,1,NA
"Peo56oN",2015,0,2,0.707106781,"Invasion","Extirpated",NA,NA,1,NA
"pQ0uIIY",2012,10,-3,NA,"Pre-invasion",NA,NA,NA,10,NA
"pQ0uIIY",2015,4,0,0.76888096,"Invasion",NA,NA,NA,10,NA
"DlKuvD7",2011,1,-2,0.181818182,"Pre-invasion","Declining",NA,NA,1,NA
"DlKuvD7",2013,3,0,1.414213562,"Invasion","Declining",NA,NA,1,NA
"DlKuvD7",2015,1,2,0.707106781,"Invasion","Declining",NA,NA,1,NA
"Kw3HTfn",2012,54,3,NA,"Invasion","Declining",NA,NA,NA,475
"Kw3HTfn",2013,38,4,0.709090909,"Invasion","Declining",NA,NA,NA,1
"Kw3HTfn",2015,27,6,0.847318546,"Established","Declining",NA,NA,NA,NA
"Kw3HTfn",2017,20,8,0.866025404,"Established","Declining",NA,NA,NA,NA
"Kw3HTfn",2019,16,10,0.899735411,"Established","Declining",NA,NA,NA,NA
"oOQlaEO",2011,50,-4,1.522557657,"Pre-invasion","Persisting",8.350266393,NA,41,NA
"oOQlaEO",2013,41,-2,0.907485213,"Pre-invasion","Persisting",8.350266393,NA,41,NA
"oOQlaEO",2015,0,0,0.15430335,"Invasion","Persisting",8.350266393,NA,41,NA
"oOQlaEO",2019,1,4,1.414213562,"Invasion","Persisting",8.350266393,NA,41,NA
"mL44ng9",2007,49,-5,1.961161351,"Pre-invasion","Declining",NA,NA,10,NA
"mL44ng9",2009,10,-3,0.469041576,"Pre-invasion","Declining",NA,NA,10,NA
"mL44ng9",2012,58,0,1.750463699,"Invasion","Declining",NA,NA,10,NA
"mL44ng9",2014,5,2,0.318896402,"Invasion","Declining",NA,NA,10,NA
"mL44ng9",2016,2,4,0.707106781,"Invasion","Declining",NA,NA,10,NA
"mL44ng9",2018,1,6,0.816496581,"Established","Declining",NA,NA,10,NA
"ZRTgoaC",2008,30,-2,1.210189631,"Pre-invasion","Persisting",NA,NA,32,NA
"ZRTgoaC",2009,32,-1,1.064516129,"Pre-invasion","Persisting",NA,NA,32,975
"ZRTgoaC",2010,9,0,0.303030303,"Invasion","Persisting",NA,NA,32,NA
"ZRTgoaC",2011,8,1,0.9,"Invasion","Persisting",NA,NA,32,161
"ZRTgoaC",2017,2,7,0.832683178,"Established","Persisting",NA,NA,32,NA
"ZRTgoaC",2019,2,9,1,"Established","Persisting",NA,NA,32,NA
"v7FPnPq",2009,2097,-4,1.216870669,"Pre-invasion","Declining",NA,NA,2491,NA
"v7FPnPq",2011,2491,-2,1.089861414,"Pre-invasion","Declining",NA,NA,2491,NA
"v7FPnPq",2016,140,3,0.563033473,"Invasion","Declining",NA,NA,2491,NA
"v7FPnPq",2018,36,5,0.512261015,"Invasion","Declining",NA,NA,2491,NA
"lgYiwhF",2008,8,-4,0.468521286,"Pre-invasion",NA,NA,NA,1,NA
"lgYiwhF",2010,0,-2,0.333333333,"Pre-invasion",NA,NA,NA,1,NA
"lgYiwhF",2011,1,-1,2,"Pre-invasion",NA,NA,NA,1,NA
"lgYiwhF",2012,0,0,0.5,"Invasion",NA,NA,NA,1,NA
"g14SuoU",2011,62,-3,0.866025404,"Pre-invasion","Persisting",NA,NA,126,NA
"g14SuoU",2013,126,-1,1.41981443,"Pre-invasion","Persisting",NA,NA,126,NA
"g14SuoU",2014,125,0,0.992125984,"Invasion","Persisting",NA,NA,126,NA
"g14SuoU",2017,128,3,1.00787434,"Invasion","Persisting",NA,NA,126,NA
"g14SuoU",2019,145,5,1.063852878,"Invasion","Persisting",NA,NA,126,NA
"xRGRhnZ",2007,2,-5,1.5,"Pre-invasion","Persisting",NA,NA,2,74
"xRGRhnZ",2012,0,0,0.802741562,"Invasion","Persisting",NA,NA,2,NA
"xRGRhnZ",2016,2,4,1.732050808,"Invasion","Persisting",NA,NA,2,NA
"xRGRhnZ",2018,1,6,0.816496581,"Established","Persisting",NA,NA,2,NA
"GEdiiUD",2013,1,0,NA,"Invasion","Extirpated",NA,NA,NA,NA
"GEdiiUD",2015,0,2,0.707106781,"Invasion","Extirpated",NA,NA,NA,NA
"eQu97ut",2011,4,-4,1.290994449,"Pre-invasion","Persisting",NA,NA,8,NA
"eQu97ut",2012,4,-3,1,"Pre-invasion","Persisting",NA,NA,8,NA
"eQu97ut",2013,8,-2,1.8,"Pre-invasion","Persisting",NA,NA,8,NA
"eQu97ut",2014,0,-1,0.111111111,"Pre-invasion","Persisting",NA,NA,8,NA
"eQu97ut",2016,3,1,4,"Invasion","Persisting",NA,NA,8,NA
"eQu97ut",2017,5,2,1.5,"Invasion","Persisting",NA,NA,8,NA
"gViwIhg",2011,496,-4,0.98332399,"Pre-invasion","Declining",NA,NA,457,NA
"gViwIhg",2013,457,-2,0.959963111,"Pre-invasion","Declining",NA,NA,457,NA
"gViwIhg",2015,645,0,1.187636455,"Invasion","Declining",NA,NA,457,NA
"gViwIhg",2017,310,2,0.693847353,"Invasion","Declining",NA,NA,457,NA
"gViwIhg",2019,294,4,0.973936884,"Invasion","Declining",NA,NA,457,NA
"UWqOO6w",2011,3,-4,2,"Pre-invasion","Persisting",NA,NA,4,NA
"UWqOO6w",2013,4,-2,1.118033989,"Pre-invasion","Persisting",NA,NA,4,NA
"UWqOO6w",2015,20,0,2.049390153,"Invasion","Persisting",NA,NA,4,NA
"UWqOO6w",2017,0,2,0.21821789,"Invasion","Persisting",NA,NA,4,NA
"UWqOO6w",2019,6,4,2.645751311,"Invasion","Persisting",NA,NA,4,NA
"ayUlMCm",2009,3065,-5,0.999511122,"Pre-invasion","Persisting",NA,NA,2995,NA
"ayUlMCm",2011,3290,-3,1.036043203,"Pre-invasion","Persisting",NA,NA,2995,NA
"ayUlMCm",2013,2995,-1,0.954128708,"Pre-invasion","Persisting",NA,NA,2995,NA
"ayUlMCm",2015,4390,1,1.210628278,"Invasion","Persisting",NA,NA,2995,NA
"ayUlMCm",2017,3980,3,0.952169729,"Invasion","Persisting",NA,NA,2995,NA
"ayUlMCm",2019,4397,5,1.051069717,"Invasion","Persisting",NA,NA,2995,NA
"EY86kSt",2005,0,-4,0.707106781,"Pre-invasion",NA,NA,NA,NA,NA
"JKPhNlj",2008,48,-5,1.043498389,"Pre-invasion","Persisting",NA,NA,18,NA
"JKPhNlj",2010,38,-3,0.892142571,"Pre-invasion","Persisting",NA,NA,18,NA
"JKPhNlj",2012,18,-1,0.69798244,"Pre-invasion","Persisting",NA,NA,18,NA
"JKPhNlj",2014,2,1,0.397359707,"Invasion","Persisting",NA,NA,18,NA
"JKPhNlj",2016,10,3,1.914854216,"Invasion","Persisting",NA,NA,18,NA
"JKPhNlj",2018,7,5,0.852802865,"Invasion","Persisting",NA,NA,18,NA
"a0OdM7F",2007,49,-4,0.990147543,"Pre-invasion","Persisting",NA,NA,48,NA
"a0OdM7F",2009,48,-2,0.989949494,"Pre-invasion","Persisting",NA,NA,48,NA
"a0OdM7F",2011,64,0,1.151751107,"Invasion","Persisting",NA,NA,48,NA
"a0OdM7F",2013,77,2,1.095445115,"Invasion","Persisting",NA,NA,48,NA
"a0OdM7F",2015,64,4,0.912870929,"Invasion","Persisting",NA,NA,48,NA
"a0OdM7F",2017,73,6,1.066987131,"Established","Persisting",NA,NA,48,NA
"a0OdM7F",2019,70,8,0.979520015,"Established","Persisting",NA,NA,48,NA
"WVxSPOa",2007,12,-2,3.605551275,"Pre-invasion","Extirpated",5.484094948,-2.69915169,12,NA
"WVxSPOa",2009,43,0,1.839732422,"Invasion","Extirpated",5.484094948,-2.69915169,12,NA
"WVxSPOa",2013,0,4,0.388272678,"Invasion","Extirpated",5.484094948,-2.69915169,12,NA
"WVxSPOa",2015,2,6,1.732050808,"Established","Extirpated",5.484094948,-2.69915169,12,NA
"WVxSPOa",2017,0,8,0.577350269,"Established","Extirpated",5.484094948,-2.69915169,12,NA
"1eqqtGc",2007,611,-5,1.030776406,"Pre-invasion","Persisting",NA,NA,506,NA
"1eqqtGc",2009,828,-3,1.163862175,"Pre-invasion","Persisting",NA,NA,506,NA
"1eqqtGc",2011,506,-1,0.782035944,"Pre-invasion","Persisting",NA,NA,506,NA
"1eqqtGc",2013,1241,1,1.565153073,"Invasion","Persisting",NA,NA,506,NA
"1eqqtGc",2015,525,3,0.650776818,"Invasion","Persisting",NA,NA,506,NA
"1eqqtGc",2017,406,5,0.879638709,"Invasion","Persisting",NA,NA,506,NA
"1eqqtGc",2019,431,7,1.030254853,"Established","Persisting",NA,NA,506,NA
"TcbX8pI",2009,0,-4,0.707106781,"Pre-invasion",NA,NA,NA,NA,NA
"NWgELAQ",2009,310,-4,1.276037715,"Pre-invasion","Persisting",NA,NA,600,NA
"NWgELAQ",2011,600,-2,1.390135204,"Pre-invasion","Persisting",NA,NA,600,NA
"NWgELAQ",2013,478,0,0.892751361,"Invasion","Persisting",NA,NA,600,NA
"NWgELAQ",2015,907,2,1.376813664,"Invasion","Persisting",NA,NA,600,NA
"NWgELAQ",2017,995,4,1.04733772,"Invasion","Persisting",NA,NA,600,NA
"NWgELAQ",2019,1173,6,1.085686354,"Established","Persisting",NA,NA,600,NA
"WzhT3vN",2009,668,-4,0.981116674,"Pre-invasion","Declining",7.99348903,-1.373548239,682,NA
"WzhT3vN",2011,682,-2,1.010409202,"Pre-invasion","Declining",7.99348903,-1.373548239,682,NA
"WzhT3vN",2013,612,0,0.947370562,"Invasion","Declining",7.99348903,-1.373548239,682,NA
"WzhT3vN",2015,279,2,0.675847604,"Invasion","Declining",7.99348903,-1.373548239,682,NA
"WzhT3vN",2017,116,4,0.646418706,"Invasion","Declining",7.99348903,-1.373548239,682,NA
"WzhT3vN",2019,37,6,0.569900276,"Established","Declining",7.99348903,-1.373548239,682,NA
"xoYrCQl",2011,950,-4,0.925194898,"Pre-invasion","Persisting",NA,NA,2750,NA
"xoYrCQl",2013,2750,-2,1.700807008,"Pre-invasion","Persisting",NA,NA,2750,NA
"xoYrCQl",2015,4832,0,1.325449246,"Invasion","Persisting",NA,NA,2750,NA
"xoYrCQl",2017,6084,2,1.122075019,"Invasion","Persisting",NA,NA,2750,NA
"xoYrCQl",2019,5198,4,0.924335467,"Invasion","Persisting",NA,NA,2750,NA
"N81gtq7",2006,139,-5,0.818447591,"Pre-invasion","Persisting",NA,NA,120,NA
"N81gtq7",2008,129,-3,0.963624112,"Pre-invasion","Persisting",NA,NA,120,NA
"N81gtq7",2010,120,-1,0.964763821,"Pre-invasion","Persisting",NA,NA,120,NA
"N81gtq7",2012,69,1,0.760600024,"Invasion","Persisting",NA,NA,120,NA
"N81gtq7",2013,68,2,0.985714286,"Invasion","Persisting",NA,NA,120,NA
"N81gtq7",2014,49,3,0.724637681,"Invasion","Persisting",NA,NA,120,NA
"N81gtq7",2016,12,5,0.509901951,"Invasion","Persisting",NA,NA,120,NA
"N81gtq7",2018,12,7,1,"Established","Persisting",NA,NA,120,NA
"QIYgWMd",2007,14099,-4,1.233236204,"Pre-invasion","Persisting",10.89632393,NA,18640,NA
"QIYgWMd",2009,18640,-2,1.149807261,"Pre-invasion","Persisting",10.89632393,NA,18640,NA
"QIYgWMd",2011,21829,0,1.082161963,"Invasion","Persisting",10.89632393,NA,18640,NA
"QIYgWMd",2013,30496,2,1.181957041,"Invasion","Persisting",10.89632393,NA,18640,NA
"QIYgWMd",2015,24212,4,0.891037006,"Invasion","Persisting",10.89632393,NA,18640,NA
"QIYgWMd",2017,19044,6,0.886882708,"Established","Persisting",10.89632393,NA,18640,NA
"QIYgWMd",2019,14728,8,0.879419604,"Established","Persisting",10.89632393,NA,18640,NA
"NfgVjlg",2011,0,0,0.970312753,"Invasion","Persisting",NA,NA,NA,NA
"NfgVjlg",2019,1,8,2,"Established","Persisting",NA,NA,NA,2
"Cml76ew",2009,323,-4,0.922167935,"Pre-invasion","Declining",NA,NA,457,NA
"Cml76ew",2011,457,-2,1.188940809,"Pre-invasion","Declining",NA,NA,457,NA
"Cml76ew",2013,706,0,1.242444414,"Invasion","Declining",NA,NA,457,NA
"Cml76ew",2015,354,2,0.70860542,"Invasion","Declining",NA,NA,457,NA
"Cml76ew",2017,161,4,0.675527963,"Invasion","Declining",NA,NA,457,NA
"Cml76ew",2019,120,6,0.864241621,"Established","Declining",NA,NA,457,NA
"y0uPD84",2010,3,-2,NA,"Pre-invasion","Extirpated",NA,NA,3,NA
"y0uPD84",2018,0,6,0.840896415,"Established","Extirpated",NA,NA,3,NA
"9OGePky",2009,188,-4,0.812920144,"Pre-invasion","Persisting",NA,NA,293,NA
"9OGePky",2011,293,-2,1.247219129,"Pre-invasion","Persisting",NA,NA,293,NA
"9OGePky",2013,236,0,0.897843221,"Invasion","Persisting",NA,NA,293,300
"9OGePky",2015,13,2,0.243046765,"Invasion","Persisting",NA,NA,293,NA
"9OGePky",2017,0,4,0.267261242,"Invasion","Persisting",NA,NA,293,NA
"9OGePky",2019,1,6,1.414213562,"Established","Persisting",NA,NA,293,NA
"utjUOnw",2010,183,-4,1.043100878,"Pre-invasion","Extirpated",NA,NA,183,NA
"utjUOnw",2019,0,5,0.560213506,"Invasion","Extirpated",NA,NA,183,NA
"1SPUlIM",2017,1,0,0.623847153,"Invasion",NA,NA,NA,NA,NA
"ufFpPEX",2014,2,0,NA,"Invasion","Declining",NA,NA,NA,NA
"ufFpPEX",2015,8,1,3,"Invasion","Declining",NA,NA,NA,12
"ufFpPEX",2017,4,3,0.745355992,"Invasion","Declining",NA,NA,NA,NA
"ufFpPEX",2019,1,5,0.632455532,"Invasion","Declining",NA,NA,NA,NA
"kAItxA4",2009,529,-4,0.894089862,"Pre-invasion","Declining",NA,NA,575,NA
"kAItxA4",2011,575,-2,1.042493383,"Pre-invasion","Declining",NA,NA,575,NA
"kAItxA4",2013,537,0,0.966451125,"Invasion","Declining",NA,NA,575,NA
"kAItxA4",2015,187,2,0.591136515,"Invasion","Declining",NA,NA,575,NA
"kAItxA4",2017,75,4,0.635810757,"Invasion","Declining",NA,NA,575,NA
"kAItxA4",2019,64,6,0.924804389,"Established","Declining",NA,NA,575,NA
"DqZWEnj",2017,5,4,NA,"Invasion","Persisting",NA,NA,NA,NA
"DqZWEnj",2019,11,6,1.414213562,"Established","Persisting",NA,NA,NA,NA
"J2CB0F2",2009,153,-4,1.157208034,"Pre-invasion","Persisting",NA,NA,207,NA
"J2CB0F2",2011,207,-2,1.162174406,"Pre-invasion","Persisting",NA,NA,207,NA
"J2CB0F2",2013,155,0,0.866025404,"Invasion","Persisting",NA,NA,207,NA
"J2CB0F2",2015,133,2,0.926808696,"Invasion","Persisting",NA,NA,207,NA
"J2CB0F2",2017,64,4,0.696472991,"Invasion","Persisting",NA,NA,207,NA
"J2CB0F2",2019,105,6,1.277015752,"Established","Persisting",NA,NA,207,NA
"KHIG2vV",2009,1,-1,NA,"Pre-invasion",NA,NA,NA,1,NA
"mI2BGKt",2009,300,-5,0.726047766,"Pre-invasion","Persisting",NA,NA,172,NA
"mI2BGKt",2011,210,-3,0.837255444,"Pre-invasion","Persisting",NA,NA,172,NA
"mI2BGKt",2013,172,-1,0.905486175,"Pre-invasion","Persisting",NA,NA,172,NA
"mI2BGKt",2015,202,1,1.083240696,"Invasion","Persisting",NA,NA,172,NA
"mI2BGKt",2017,9,3,0.221948381,"Invasion","Persisting",NA,NA,172,NA
"mI2BGKt",2019,20,5,1.449137675,"Invasion","Persisting",NA,NA,172,NA
"a0qed8K",2009,5,-4,NA,"Pre-invasion","Persisting",NA,NA,4,NA
"a0qed8K",2011,14,-2,1.58113883,"Pre-invasion","Persisting",NA,NA,4,NA
"a0qed8K",2012,4,-1,0.333333333,"Pre-invasion","Persisting",NA,NA,4,NA
"a0qed8K",2013,8,0,1.8,"Invasion","Persisting",NA,NA,4,NA
"a0qed8K",2014,1,1,0.222222222,"Invasion","Persisting",NA,NA,4,NA
"a0qed8K",2015,1,2,1,"Invasion","Persisting",NA,NA,4,NA
"a0qed8K",2016,7,3,4,"Invasion","Persisting",NA,NA,4,NA
"a0qed8K",2017,8,4,1.125,"Invasion","Persisting",NA,NA,4,NA
"a0qed8K",2019,9,6,1.054092553,"Established","Persisting",NA,NA,4,NA
"tKIxOZ5",2009,2432,-4,0.974119067,"Pre-invasion","Declining",8.60202454,-2.194884087,1676,NA
"tKIxOZ5",2011,1676,-2,0.830224369,"Pre-invasion","Declining",8.60202454,-2.194884087,1676,NA
"tKIxOZ5",2013,1916,0,1.069164487,"Invasion","Declining",8.60202454,-2.194884087,1676,NA
"tKIxOZ5",2015,923,2,0.694264452,"Invasion","Declining",8.60202454,-2.194884087,1676,NA
"tKIxOZ5",2017,358,4,0.623320254,"Invasion","Declining",8.60202454,-2.194884087,1676,NA
"tKIxOZ5",2019,348,6,0.98597406,"Established","Declining",8.60202454,-2.194884087,1676,NA
"DBAtTMC",2013,1,0,0.959205848,"Invasion","Extirpated",NA,NA,NA,NA
"DBAtTMC",2015,1,2,1,"Invasion","Extirpated",NA,NA,NA,NA
"DBAtTMC",2017,0,4,0.707106781,"Invasion","Extirpated",NA,NA,NA,NA
"d5Nzz5g",2009,115,-4,0.605878377,"Pre-invasion","Persisting",8.589221311,-1.595412783,235,NA
"d5Nzz5g",2010,248,-3,2.146551724,"Pre-invasion","Persisting",8.589221311,-1.595412783,235,NA
"d5Nzz5g",2011,235,-2,0.947791165,"Pre-invasion","Persisting",8.589221311,-1.595412783,235,448
"d5Nzz5g",2013,171,0,0.85370578,"Invasion","Persisting",8.589221311,-1.595412783,235,7
"d5Nzz5g",2014,105,1,0.61627907,"Invasion","Persisting",8.589221311,-1.595412783,235,267
"d5Nzz5g",2015,210,2,1.990566038,"Invasion","Persisting",8.589221311,-1.595412783,235,178
"d5Nzz5g",2017,119,4,0.754135518,"Invasion","Persisting",8.589221311,-1.595412783,235,NA
"d5Nzz5g",2019,56,6,0.689202438,"Established","Persisting",8.589221311,-1.595412783,235,NA
"1Z9dbn8",2011,645,-5,0.966191498,"Pre-invasion","Declining",9.825289586,NA,646,NA
"1Z9dbn8",2012,363,-4,0.563467492,"Pre-invasion","Declining",9.825289586,NA,646,NA
"1Z9dbn8",2013,585,-3,1.60989011,"Pre-invasion","Declining",9.825289586,NA,646,NA
"1Z9dbn8",2014,607,-2,1.037542662,"Pre-invasion","Declining",9.825289586,NA,646,NA
"1Z9dbn8",2015,646,-1,1.064144737,"Pre-invasion","Declining",9.825289586,NA,646,NA
"1Z9dbn8",2016,369,0,0.57187017,"Invasion","Declining",9.825289586,NA,646,NA
"1Z9dbn8",2017,322,1,0.872972973,"Invasion","Declining",9.825289586,NA,646,NA
"1Z9dbn8",2019,250,3,0.881526961,"Invasion","Declining",9.825289586,NA,646,NA
"kW7R5Xz",2009,4771,-4,1.603039654,"Pre-invasion","Persisting",NA,NA,5678,NA
"kW7R5Xz",2010,4248,-3,0.890402347,"Pre-invasion","Persisting",NA,NA,5678,NA
"kW7R5Xz",2012,5678,-1,1.15609246,"Pre-invasion","Persisting",NA,NA,5678,NA
"kW7R5Xz",2013,4676,0,0.823560486,"Invasion","Persisting",NA,NA,5678,NA
"kW7R5Xz",2014,2700,1,0.577506949,"Invasion","Persisting",NA,NA,5678,3
"kW7R5Xz",2015,3727,2,1.380229545,"Invasion","Persisting",NA,NA,5678,NA
"W5HeCRl",2007,1689,-4,1.328191198,"Pre-invasion","Persisting",11.01763351,NA,2059,NA
"W5HeCRl",2009,2059,-2,1.104053853,"Pre-invasion","Persisting",11.01763351,NA,2059,NA
"W5HeCRl",2011,2047,0,0.997083125,"Invasion","Persisting",11.01763351,NA,2059,NA
"W5HeCRl",2013,2243,2,1.046758389,"Invasion","Persisting",11.01763351,NA,2059,NA
"W5HeCRl",2015,2038,4,0.953228869,"Invasion","Persisting",11.01763351,NA,2059,NA
"W5HeCRl",2017,2613,6,1.132254822,"Established","Persisting",11.01763351,NA,2059,NA
"W5HeCRl",2019,2925,8,1.057996837,"Established","Persisting",11.01763351,NA,2059,NA
"n9pqkAM",2011,2,-4,3,"Pre-invasion",NA,NA,NA,1,NA
"n9pqkAM",2012,0,-3,0.333333333,"Pre-invasion",NA,NA,NA,1,NA
"n9pqkAM",2014,1,-1,2,"Pre-invasion",NA,NA,NA,1,NA
"n9pqkAM",2015,5,0,3,"Invasion",NA,NA,NA,1,NA
"pMbwYvi",2006,44,-5,1.341640786,"Pre-invasion",NA,NA,NA,44,NA
"Lwjgx0P",2016,1,3,1.25992105,"Invasion","Persisting",NA,NA,NA,NA
"Lwjgx0P",2017,13,4,7,"Invasion","Persisting",NA,NA,NA,NA
"f1xMBXT",2016,14,3,2.466212074,"Invasion","Persisting",NA,NA,NA,NA
"s8imiEn",2011,178,-4,1.226459001,"Pre-invasion","Persisting",NA,NA,53,NA
"s8imiEn",2012,186,-3,1.044692737,"Pre-invasion","Persisting",NA,NA,53,NA
"s8imiEn",2013,109,-2,0.588235294,"Pre-invasion","Persisting",NA,NA,53,NA
"s8imiEn",2014,53,-1,0.490909091,"Pre-invasion","Persisting",NA,NA,53,NA
"s8imiEn",2015,32,0,0.611111111,"Invasion","Persisting",NA,NA,53,NA
"s8imiEn",2016,42,1,1.303030303,"Invasion","Persisting",NA,NA,53,NA
"s8imiEn",2017,2,2,0.069767442,"Invasion","Persisting",NA,NA,53,NA
"s8imiEn",2019,10,4,1.914854216,"Invasion","Persisting",NA,NA,53,NA
"KzHb5X8",2012,3,-5,1.09682498,"Pre-invasion",NA,NA,NA,2,NA
"KzHb5X8",2014,2,-3,0.866025404,"Pre-invasion",NA,NA,NA,2,NA
"KzHb5X8",2017,0,0,0.693361274,"Invasion",NA,NA,NA,2,NA
"ud4OMzp",2008,188,-4,1.161895004,"Pre-invasion","Declining",NA,NA,188,NA
"ud4OMzp",2012,146,0,0.939104416,"Invasion","Declining",NA,NA,188,NA
"ud4OMzp",2014,27,2,0.43643578,"Invasion","Declining",NA,NA,188,NA
"ud4OMzp",2018,11,6,0.809106712,"Established","Declining",NA,NA,188,NA
"XZ6MbtF",2013,4,-2,0.74804027,"Pre-invasion","Extirpated",NA,NA,4,NA
"XZ6MbtF",2015,1,0,0.632455532,"Invasion","Extirpated",NA,NA,4,NA
"XZ6MbtF",2017,0,2,0.707106781,"Invasion","Extirpated",NA,NA,4,NA
"8k5Fbn8",2008,14,-2,1.049542665,"Pre-invasion","Persisting",NA,NA,14,NA
"8k5Fbn8",2010,9,0,0.816496581,"Invasion","Persisting",NA,NA,14,NA
"8k5Fbn8",2011,3,1,0.4,"Invasion","Persisting",NA,NA,14,NA
"8k5Fbn8",2012,12,2,3.25,"Invasion","Persisting",NA,NA,14,NA
"8k5Fbn8",2013,39,3,3.076923077,"Invasion","Persisting",NA,NA,14,NA
"8k5Fbn8",2015,0,5,0.158113883,"Invasion","Persisting",NA,NA,14,NA
"8k5Fbn8",2017,3,7,2,"Established","Persisting",NA,NA,14,NA
"8k5Fbn8",2019,44,9,3.354101966,"Established","Persisting",NA,NA,14,NA
"FiC2wuv",2011,145,-2,0.979416843,"Pre-invasion","Declining",NA,NA,145,NA
"FiC2wuv",2013,113,0,0.883641283,"Invasion","Declining",NA,NA,145,NA
"FiC2wuv",2017,7,4,0.514690656,"Invasion","Declining",NA,NA,145,NA
"2zv91QD",2008,3,-4,NA,"Pre-invasion","Extirpated",NA,NA,3,NA
"2zv91QD",2013,0,1,0.757858283,"Invasion","Extirpated",NA,NA,3,NA
"UJyi8Sn",2011,1,-3,1,"Pre-invasion",NA,NA,NA,1,NA
"UJyi8Sn",2013,0,-1,0.707106781,"Pre-invasion",NA,NA,NA,1,NA
"5yBbKOE",2006,1,-3,1.090507733,"Pre-invasion","Persisting",NA,NA,5,NA
"5yBbKOE",2008,5,-1,1.732050808,"Pre-invasion","Persisting",NA,NA,5,NA
"5yBbKOE",2010,8,1,1.224744871,"Invasion","Persisting",NA,NA,5,NA
"5yBbKOE",2012,3,3,0.666666667,"Invasion","Persisting",NA,NA,5,NA
"5yBbKOE",2013,1,4,0.5,"Invasion","Persisting",NA,NA,5,NA
"5yBbKOE",2015,1,6,1,"Established","Persisting",NA,NA,5,NA
"dqU8IBG",2003,1704,-5,0.867617071,"Pre-invasion","Declining",7.767943848,-4,1928,NA
"dqU8IBG",2005,2065,-3,1.100786176,"Pre-invasion","Declining",7.767943848,-4,1928,NA
"dqU8IBG",2007,1928,-1,0.966275471,"Pre-invasion","Declining",7.767943848,-4,1928,NA
"dqU8IBG",2008,1247,0,0.646967341,"Invasion","Declining",7.767943848,-4,1928,37
"dqU8IBG",2009,1719,1,1.378205128,"Invasion","Declining",7.767943848,-4,1928,NA
"dqU8IBG",2010,509,2,0.296511628,"Invasion","Declining",7.767943848,-4,1928,22
"dqU8IBG",2011,433,3,0.850980392,"Invasion","Declining",7.767943848,-4,1928,10
"dqU8IBG",2013,330,5,0.873311406,"Invasion","Declining",7.767943848,-4,1928,NA
"dqU8IBG",2015,239,7,0.851513669,"Established","Declining",7.767943848,-4,1928,NA
"dqU8IBG",2017,228,9,0.976814551,"Established","Declining",7.767943848,-4,1928,NA
"1GfL4FI",2008,234,-5,0.981384101,"Pre-invasion","Persisting",NA,NA,206,NA
"1GfL4FI",2010,240,-3,1.012685497,"Pre-invasion","Persisting",NA,NA,206,NA
"1GfL4FI",2012,206,-1,0.926779996,"Pre-invasion","Persisting",NA,NA,206,NA
"1GfL4FI",2014,170,1,0.908893259,"Invasion","Persisting",NA,NA,206,NA
"1GfL4FI",2016,173,3,1.00873379,"Invasion","Persisting",NA,NA,206,NA
"1GfL4FI",2018,146,5,0.91914503,"Invasion","Persisting",NA,NA,206,NA
"ILslFYQ",2013,3,1,NA,"Invasion","Extirpated",NA,NA,NA,418
"ILslFYQ",2014,2,2,0.75,"Invasion","Extirpated",NA,NA,NA,323
"ILslFYQ",2015,0,3,0.333333333,"Invasion","Extirpated",NA,NA,NA,92
"LAi1gdY",2009,64,-4,0.930949336,"Pre-invasion","Persisting",NA,NA,100,NA
"LAi1gdY",2011,100,-2,1.246533655,"Pre-invasion","Persisting",NA,NA,100,NA
"LAi1gdY",2013,59,0,0.770752493,"Invasion","Persisting",NA,NA,100,NA
"LAi1gdY",2015,4,2,0.288675135,"Invasion","Persisting",NA,NA,100,NA
"LAi1gdY",2017,1,4,0.632455532,"Invasion","Persisting",NA,NA,100,NA
"LAi1gdY",2019,3,6,1.414213562,"Established","Persisting",NA,NA,100,NA
"PbSp3sp",2015,46,1,NA,"Invasion","Declining",NA,NA,NA,1
"PbSp3sp",2017,36,3,0.887262105,"Invasion","Declining",NA,NA,NA,NA
"PbSp3sp",2019,29,5,0.900450338,"Invasion","Declining",NA,NA,NA,NA
"uqXO9uH",2009,4670,-4,0.956923614,"Pre-invasion","Persisting",10.25172811,NA,3936,NA
"uqXO9uH",2011,3936,-2,0.918074181,"Pre-invasion","Persisting",10.25172811,NA,3936,NA
"uqXO9uH",2013,3556,0,0.950515548,"Invasion","Persisting",10.25172811,NA,3936,NA
"uqXO9uH",2015,3175,2,0.944927121,"Invasion","Persisting",10.25172811,NA,3936,NA
"uqXO9uH",2017,2483,4,0.88437315,"Invasion","Persisting",10.25172811,NA,3936,NA
"uqXO9uH",2019,2881,6,1.077137616,"Established","Persisting",10.25172811,NA,3936,NA
"KIim5SF",2009,2752,-4,1.038227814,"Pre-invasion","Declining",NA,NA,2112,NA
"KIim5SF",2011,2112,-2,0.876085803,"Pre-invasion","Declining",NA,NA,2112,NA
"KIim5SF",2013,1847,0,0.935192973,"Invasion","Declining",NA,NA,2112,NA
"KIim5SF",2015,295,2,0.400216392,"Invasion","Declining",NA,NA,2112,NA
"KIim5SF",2017,165,4,0.748873027,"Invasion","Declining",NA,NA,2112,NA
"KIim5SF",2019,126,6,0.874677221,"Established","Declining",NA,NA,2112,NA
"rdGWBbr",2008,12,-4,2.081665999,"Pre-invasion","Persisting",8.764713683,-1.728558223,7,NA
"rdGWBbr",2010,7,-2,0.784464541,"Pre-invasion","Persisting",8.764713683,-1.728558223,7,NA
"rdGWBbr",2012,3,0,0.707106781,"Invasion","Persisting",8.764713683,-1.728558223,7,NA
"rdGWBbr",2014,16,2,2.061552813,"Invasion","Persisting",8.764713683,-1.728558223,7,NA
"rdGWBbr",2016,4,4,0.542326145,"Invasion","Persisting",8.764713683,-1.728558223,7,NA
"rdGWBbr",2018,2,6,0.774596669,"Established","Persisting",8.764713683,-1.728558223,7,NA
"o3JwNWv",2010,623,-5,0.791878173,"Pre-invasion","Declining",NA,NA,2000,NA
"o3JwNWv",2012,1372,-3,1.483347738,"Pre-invasion","Declining",NA,NA,2000,NA
"o3JwNWv",2013,2150,-2,1.566642389,"Pre-invasion","Declining",NA,NA,2000,NA
"o3JwNWv",2014,2000,-1,0.930264993,"Pre-invasion","Declining",NA,NA,2000,62
"o3JwNWv",2015,1804,0,0.902048976,"Invasion","Declining",NA,NA,2000,NA
"o3JwNWv",2016,1608,1,0.891412742,"Invasion","Declining",NA,NA,2000,NA
"o3JwNWv",2017,1049,2,0.652579242,"Invasion","Declining",NA,NA,2000,NA
"o3JwNWv",2019,718,4,0.827503417,"Invasion","Declining",NA,NA,2000,NA
"Za1zE1V",2007,12807,-4,1.138806976,"Pre-invasion","Declining",6.173289906,NA,17257,NA
"Za1zE1V",2009,17257,-2,1.160792445,"Pre-invasion","Declining",6.173289906,NA,17257,NA
"Za1zE1V",2011,25356,0,1.212142568,"Invasion","Declining",6.173289906,NA,17257,NA
"Za1zE1V",2013,7849,2,0.556398426,"Invasion","Declining",6.173289906,NA,17257,NA
"Za1zE1V",2015,169,4,0.14715995,"Invasion","Declining",6.173289906,NA,17257,NA
"Za1zE1V",2017,80,6,0.69026849,"Established","Declining",6.173289906,NA,17257,NA
"Za1zE1V",2019,29,8,0.608580619,"Established","Declining",6.173289906,NA,17257,NA
"2oJ5xeS",2007,134,-5,0.870877125,"Pre-invasion","Declining",NA,NA,95,NA
"2oJ5xeS",2009,95,-3,0.843274043,"Pre-invasion","Declining",NA,NA,95,NA
"2oJ5xeS",2012,73,0,0.916896178,"Invasion","Declining",NA,NA,95,NA
"2oJ5xeS",2014,20,2,0.532713604,"Invasion","Declining",NA,NA,95,NA
"2oJ5xeS",2016,7,4,0.6172134,"Invasion","Declining",NA,NA,95,NA
"2oJ5xeS",2018,4,6,0.790569415,"Established","Declining",NA,NA,95,NA
"8RBXrfv",2009,30,-5,0.975386032,"Pre-invasion","Declining",NA,NA,19,NA
"8RBXrfv",2011,21,-3,0.842423539,"Pre-invasion","Declining",NA,NA,19,NA
"8RBXrfv",2013,19,-1,0.953462589,"Pre-invasion","Declining",NA,NA,19,NA
"8RBXrfv",2014,15,0,0.8,"Invasion","Declining",NA,NA,19,NA
"8RBXrfv",2016,7,2,0.707106781,"Invasion","Declining",NA,NA,19,NA
"8RBXrfv",2018,3,4,0.707106781,"Invasion","Declining",NA,NA,19,NA
"1ZkocC1",2003,710,-4,1.191285724,"Pre-invasion","Extirpated",7.740204918,-4,685,NA
"1ZkocC1",2005,685,-2,0.982261806,"Pre-invasion","Extirpated",7.740204918,-4,685,NA
"1ZkocC1",2007,0,0,0.038180177,"Invasion","Extirpated",7.740204918,-4,685,NA
"1ZkocC1",2013,1,6,2,"Established","Extirpated",7.740204918,-4,685,2402
"1ZkocC1",2014,0,7,0.5,"Established","Extirpated",7.740204918,-4,685,2804
"yfksJZi",2017,1,0,0.715864622,"Invasion",NA,NA,NA,NA,NA
"oMHg5yc",2005,665,-5,0.932443938,"Pre-invasion","Persisting",5.194296448,-1.530636532,774,NA
"oMHg5yc",2007,774,-3,1.078732434,"Pre-invasion","Persisting",5.194296448,-1.530636532,774,NA
"oMHg5yc",2012,18,2,0.476310746,"Invasion","Persisting",5.194296448,-1.530636532,774,NA
"oMHg5yc",2013,23,3,1.263157895,"Invasion","Persisting",5.194296448,-1.530636532,774,NA
"oMHg5yc",2015,8,5,0.612372436,"Invasion","Persisting",5.194296448,-1.530636532,774,NA
"oMHg5yc",2016,10,6,1.222222222,"Established","Persisting",5.194296448,-1.530636532,774,NA
"oMHg5yc",2018,9,8,0.953462589,"Established","Persisting",5.194296448,-1.530636532,774,NA
"oMHg5yc",2019,4,9,0.5,"Established","Persisting",5.194296448,-1.530636532,774,NA
"7wcfXrc",2005,11890,-5,1.085418959,"Pre-invasion","Declining",6.260435129,-0.76459696,12858,NA
"7wcfXrc",2007,12858,-3,1.039906777,"Pre-invasion","Declining",6.260435129,-0.76459696,12858,NA
"7wcfXrc",2010,18557,0,1.130076884,"Invasion","Declining",6.260435129,-0.76459696,12858,NA
"7wcfXrc",2013,2540,3,0.515415923,"Invasion","Declining",6.260435129,-0.76459696,12858,NA
"7wcfXrc",2015,1875,5,0.859239205,"Invasion","Declining",6.260435129,-0.76459696,12858,NA
"7wcfXrc",2017,794,7,0.650979253,"Established","Declining",6.260435129,-0.76459696,12858,NA
"7wcfXrc",2019,372,9,0.684968897,"Established","Declining",6.260435129,-0.76459696,12858,NA
"TWImAaU",2005,115,-4,1.024105609,"Pre-invasion","Persisting",NA,NA,122,NA
"TWImAaU",2007,122,-2,1.029730464,"Pre-invasion","Persisting",NA,NA,122,NA
"TWImAaU",2009,148,0,1.100628054,"Invasion","Persisting",NA,NA,122,NA
"TWImAaU",2012,2,3,0.27204766,"Invasion","Persisting",NA,NA,122,NA
"TWImAaU",2013,0,4,0.333333333,"Invasion","Persisting",NA,NA,122,NA
"TWImAaU",2015,1,6,2,"Established","Persisting",NA,NA,122,NA
"TWImAaU",2016,0,7,0.5,"Established","Persisting",NA,NA,122,NA
"TWImAaU",2018,1,9,1.414213562,"Established","Persisting",NA,NA,122,NA
"H9Uxxsk",2006,41,-5,1.145643924,"Pre-invasion","Extirpated",NA,NA,42,NA
"H9Uxxsk",2008,41,-3,1,"Pre-invasion","Extirpated",NA,NA,42,NA
"H9Uxxsk",2009,42,-2,1.023809524,"Pre-invasion","Extirpated",NA,NA,42,NA
"H9Uxxsk",2013,0,2,0.390510653,"Invasion","Extirpated",NA,NA,42,NA
"wqqhfPZ",2010,51,-4,1.638703638,"Pre-invasion","Persisting",7.563934426,-0.875221976,133,NA
"wqqhfPZ",2012,47,-2,0.960768923,"Pre-invasion","Persisting",7.563934426,-0.875221976,133,NA
"wqqhfPZ",2013,133,-1,2.791666667,"Pre-invasion","Persisting",7.563934426,-0.875221976,133,NA
"wqqhfPZ",2014,88,0,0.664179104,"Invasion","Persisting",7.563934426,-0.875221976,133,2
"wqqhfPZ",2015,78,1,0.887640449,"Invasion","Persisting",7.563934426,-0.875221976,133,NA
"wqqhfPZ",2017,135,3,1.312066686,"Invasion","Persisting",7.563934426,-0.875221976,133,NA
"wqqhfPZ",2019,149,5,1.050210063,"Invasion","Persisting",7.563934426,-0.875221976,133,NA
"21dI5zx",2010,215,-4,1.279204298,"Pre-invasion","Persisting",NA,NA,116,NA
"21dI5zx",2012,116,-2,0.735980072,"Pre-invasion","Persisting",NA,NA,116,NA
"21dI5zx",2014,96,0,0.910527226,"Invasion","Persisting",NA,NA,116,NA
"21dI5zx",2016,4,2,0.227038305,"Invasion","Persisting",NA,NA,116,NA
"21dI5zx",2018,14,4,1.732050808,"Invasion","Persisting",NA,NA,116,NA
"mTguNvV",2005,0,-5,0.447213595,"Pre-invasion","Extirpated",NA,NA,NA,NA
"mTguNvV",2011,3,1,1.25992105,"Invasion","Extirpated",NA,NA,NA,NA
"mTguNvV",2013,0,3,0.5,"Invasion","Extirpated",NA,NA,NA,154
"7MijW6d",2015,1,0,NA,"Invasion","Extirpated",NA,NA,NA,NA
"7MijW6d",2016,0,1,0.5,"Invasion","Extirpated",NA,NA,NA,NA
"8rNUzVV",2007,224,-4,0.820763483,"Pre-invasion","Extirpated",NA,NA,254,NA
"8rNUzVV",2009,254,-2,1.064581295,"Pre-invasion","Extirpated",NA,NA,254,NA
"8rNUzVV",2011,276,0,1.042244938,"Invasion","Extirpated",NA,NA,254,NA
"8rNUzVV",2012,277,1,1.003610108,"Invasion","Extirpated",NA,NA,254,NA
"8rNUzVV",2013,16,2,0.061151079,"Invasion","Extirpated",NA,NA,254,NA
"8rNUzVV",2014,0,3,0.058823529,"Invasion","Extirpated",NA,NA,254,NA
"IAXZPF9",2008,115,-5,1.087967587,"Pre-invasion","Declining",8.75625344,-0.779349974,115,NA
"IAXZPF9",2013,29,0,0.763014257,"Invasion","Declining",8.75625344,-0.779349974,115,NA
"IAXZPF9",2015,16,2,0.752772653,"Invasion","Declining",8.75625344,-0.779349974,115,NA
"IAXZPF9",2017,7,4,0.685994341,"Invasion","Declining",8.75625344,-0.779349974,115,NA
"IAXZPF9",2019,4,6,0.790569415,"Established","Declining",8.75625344,-0.779349974,115,NA
"1ZwjHL8",2005,4171,-4,1.112316468,"Pre-invasion","Extirpated",5.135751372,-4,2932,NA
"1ZwjHL8",2007,2932,-2,0.838462959,"Pre-invasion","Extirpated",5.135751372,-4,2932,NA
"1ZwjHL8",2009,2324,0,0.890339102,"Invasion","Extirpated",5.135751372,-4,2932,NA
"1ZwjHL8",2010,377,1,0.162580645,"Invasion","Extirpated",5.135751372,-4,2932,NA
"1ZwjHL8",2011,251,2,0.666666667,"Invasion","Extirpated",5.135751372,-4,2932,1435
"1ZwjHL8",2013,46,4,0.431865646,"Invasion","Extirpated",5.135751372,-4,2932,NA
"1ZwjHL8",2015,40,6,0.933991662,"Established","Extirpated",5.135751372,-4,2932,NA
"1ZwjHL8",2017,2,8,0.27050089,"Established","Extirpated",5.135751372,-4,2932,NA
"1ZwjHL8",2019,0,10,0.577350269,"Established","Extirpated",5.135751372,-4,2932,NA
"0fUmWHx",2012,14,-1,NA,"Pre-invasion","Declining",NA,NA,14,NA
"0fUmWHx",2013,19,0,1.333333333,"Invasion","Declining",NA,NA,14,191
"0fUmWHx",2014,14,1,0.75,"Invasion","Declining",NA,NA,14,246
"0fUmWHx",2015,8,2,0.6,"Invasion","Declining",NA,NA,14,46
"0fUmWHx",2017,3,4,0.666666667,"Invasion","Declining",NA,NA,14,NA
"0fUmWHx",2019,1,6,0.707106781,"Established","Declining",NA,NA,14,NA
"h9cafVB",2010,14,-4,1.224744871,"Pre-invasion","Persisting",NA,NA,8,NA
"h9cafVB",2012,8,-2,0.774596669,"Pre-invasion","Persisting",NA,NA,8,NA
"h9cafVB",2014,33,0,1.943650632,"Invasion","Persisting",NA,NA,8,NA
"h9cafVB",2016,18,2,0.747545002,"Invasion","Persisting",NA,NA,8,NA
"h9cafVB",2018,60,4,1.791794161,"Invasion","Persisting",NA,NA,8,NA
"QeErx2S",2017,3,1,1.414213562,"Invasion","Declining",NA,NA,NA,NA
"jE9xTPG",2012,2,-4,0.612372436,"Pre-invasion","Declining",NA,NA,2,NA
"jE9xTPG",2014,2,-2,1,"Pre-invasion","Declining",NA,NA,2,NA
"jE9xTPG",2016,3,0,1.154700538,"Invasion","Declining",NA,NA,2,NA
"jE9xTPG",2018,1,2,0.707106781,"Invasion","Declining",NA,NA,2,NA
"YpLn8wF",2010,2,-4,1,"Pre-invasion","Extirpated",NA,NA,2,NA
"YpLn8wF",2012,2,-2,1,"Pre-invasion","Extirpated",NA,NA,2,NA
"YpLn8wF",2014,5,0,1.414213562,"Invasion","Extirpated",NA,NA,2,NA
"YpLn8wF",2016,0,2,0.40824829,"Invasion","Extirpated",NA,NA,2,NA
"V6MNPhj",2009,904,-4,1.140302816,"Pre-invasion","Declining",NA,NA,1137,NA
"V6MNPhj",2011,1137,-2,1.121364599,"Pre-invasion","Declining",NA,NA,1137,NA
"V6MNPhj",2013,1475,0,1.138864479,"Invasion","Declining",NA,NA,1137,NA
"V6MNPhj",2014,585,1,0.39701897,"Invasion","Declining",NA,NA,1137,184
"V6MNPhj",2015,188,2,0.322525597,"Invasion","Declining",NA,NA,1137,4
"V6MNPhj",2017,89,4,0.690065559,"Invasion","Declining",NA,NA,1137,NA
"V6MNPhj",2019,63,6,0.843274043,"Established","Declining",NA,NA,1137,NA
"0FbRMWw",2009,10,-5,NA,"Pre-invasion","Extirpated",NA,NA,15,NA
"0FbRMWw",2012,15,-2,1.13303267,"Pre-invasion","Extirpated",NA,NA,15,NA
"0FbRMWw",2015,0,1,0.396850263,"Invasion","Extirpated",NA,NA,15,NA
"O7E5WDa",2011,1,-1,1.414213562,"Pre-invasion","Persisting",7.642444749,-1.875136522,1,NA
"O7E5WDa",2013,8,1,2.121320344,"Invasion","Persisting",7.642444749,-1.875136522,1,47
"O7E5WDa",2015,1,3,0.471404521,"Invasion","Persisting",7.642444749,-1.875136522,1,NA
"O7E5WDa",2017,3,5,1.414213562,"Invasion","Persisting",7.642444749,-1.875136522,1,NA
"O7E5WDa",2019,5,7,1.224744871,"Established","Persisting",7.642444749,-1.875136522,1,NA
"Ar3uCz8",2011,20,-4,0.823054892,"Pre-invasion","Extirpated",NA,NA,21,NA
"Ar3uCz8",2013,21,-2,1.023532631,"Pre-invasion","Extirpated",NA,NA,21,NA
"Ar3uCz8",2015,14,0,0.825722824,"Invasion","Extirpated",NA,NA,21,NA
"Ar3uCz8",2017,0,2,0.25819889,"Invasion","Extirpated",NA,NA,21,NA
"sz9bhZ3",2014,1,-2,1.414213562,"Pre-invasion",NA,NA,NA,1,NA
"sz9bhZ3",2016,0,0,0.707106781,"Invasion",NA,NA,NA,1,NA
"YKoN2dp",2009,1072,-4,0.706284468,"Pre-invasion","Persisting",NA,NA,515,NA
"YKoN2dp",2011,515,-2,0.693465708,"Pre-invasion","Persisting",NA,NA,515,NA
"YKoN2dp",2013,590,0,1.070209716,"Invasion","Persisting",NA,NA,515,NA
"YKoN2dp",2014,787,1,1.333333333,"Invasion","Persisting",NA,NA,515,NA
"YKoN2dp",2015,608,2,0.77284264,"Invasion","Persisting",NA,NA,515,NA
"YKoN2dp",2017,447,4,0.857690028,"Invasion","Persisting",NA,NA,515,NA
"YKoN2dp",2019,657,6,1.211919964,"Established","Persisting",NA,NA,515,NA
"2ReUIK3",2005,57,-4,NA,"Pre-invasion","Persisting",NA,NA,57,293
"2ReUIK3",2009,37,0,0.899681729,"Invasion","Persisting",NA,NA,57,NA
"2ReUIK3",2010,51,1,1.368421053,"Invasion","Persisting",NA,NA,57,6
"2ReUIK3",2011,71,2,1.384615385,"Invasion","Persisting",NA,NA,57,NA
"fpmgEV8",2006,4,-4,0.645497224,"Pre-invasion","Extirpated",NA,NA,4,NA
"fpmgEV8",2009,4,-1,1,"Pre-invasion","Extirpated",NA,NA,4,4601
"fpmgEV8",2011,0,1,0.447213595,"Invasion","Extirpated",NA,NA,4,NA
"Us5Ui2e",2011,66,-2,NA,"Pre-invasion","Persisting",NA,NA,66,NA
"Us5Ui2e",2013,73,0,1.050941298,"Invasion","Persisting",NA,NA,66,NA
"Us5Ui2e",2015,42,2,0.762286745,"Invasion","Persisting",NA,NA,66,NA
"Us5Ui2e",2017,25,4,0.777593186,"Invasion","Persisting",NA,NA,66,NA
"Us5Ui2e",2019,25,6,1,"Established","Persisting",NA,NA,66,NA
"v9kjnDX",2007,82,-5,0.868645759,"Pre-invasion","Extirpated",NA,NA,188,NA
"v9kjnDX",2009,188,-3,1.50900909,"Pre-invasion","Extirpated",NA,NA,188,NA
"v9kjnDX",2012,31,0,0.553217689,"Invasion","Extirpated",NA,NA,188,NA
"v9kjnDX",2014,0,2,0.176776695,"Invasion","Extirpated",NA,NA,188,NA
"3JIoa5n",2009,9007,-3,1.067451676,"Pre-invasion","Declining",NA,NA,9594,NA
"3JIoa5n",2011,9594,-1,1.032067972,"Pre-invasion","Declining",NA,NA,9594,NA
"3JIoa5n",2012,9243,0,0.963418447,"Invasion","Declining",NA,NA,9594,NA
"3JIoa5n",2014,4809,2,0.721344243,"Invasion","Declining",NA,NA,9594,NA
"3JIoa5n",2016,2890,4,0.775267374,"Invasion","Declining",NA,NA,9594,NA
"pTn4XOG",2009,1877,-4,1.000532907,"Pre-invasion","Persisting",NA,NA,2624,NA
"pTn4XOG",2011,2624,-2,1.182270518,"Pre-invasion","Persisting",NA,NA,2624,NA
"pTn4XOG",2013,2487,0,0.973555095,"Invasion","Persisting",NA,NA,2624,NA
"pTn4XOG",2015,1997,2,0.896133172,"Invasion","Persisting",NA,NA,2624,NA
"pTn4XOG",2019,2932,6,1.100725797,"Established","Persisting",NA,NA,2624,NA
"SRWTOii",2011,108,-4,0.778174502,"Pre-invasion","Declining",NA,NA,103,NA
"SRWTOii",2013,103,-2,0.976794984,"Pre-invasion","Declining",NA,NA,103,NA
"SRWTOii",2015,62,0,0.778311782,"Invasion","Declining",NA,NA,103,NA
"SRWTOii",2017,36,2,0.766356045,"Invasion","Declining",NA,NA,103,NA
"SRWTOii",2019,30,4,0.915334823,"Invasion","Declining",NA,NA,103,NA
"eBuIv9u",2012,12,-5,6.5,"Pre-invasion",NA,NA,NA,23,NA
"eBuIv9u",2013,33,-4,2.615384615,"Pre-invasion",NA,NA,NA,23,NA
"eBuIv9u",2014,23,-3,0.705882353,"Pre-invasion",NA,NA,NA,23,NA
"eBuIv9u",2017,7,0,0.693361274,"Invasion",NA,NA,NA,23,NA
"Z1ivxoX",2006,100,-5,1.068157785,"Pre-invasion","Extirpated",NA,NA,100,NA
"Z1ivxoX",2014,0,3,0.561642325,"Invasion","Extirpated",NA,NA,100,NA
"qlkxN5d",2009,1319,-4,1.575183484,"Pre-invasion","Persisting",11.01552147,-0.784330067,1011,NA
"qlkxN5d",2011,1011,-2,0.875595036,"Pre-invasion","Persisting",11.01552147,-0.784330067,1011,NA
"qlkxN5d",2013,635,0,0.792753744,"Invasion","Persisting",11.01552147,-0.784330067,1011,NA
"qlkxN5d",2015,727,2,1.069885082,"Invasion","Persisting",11.01552147,-0.784330067,1011,NA
"qlkxN5d",2017,553,4,0.872346841,"Invasion","Persisting",11.01552147,-0.784330067,1011,NA
"qlkxN5d",2019,653,6,1.08651066,"Established","Persisting",11.01552147,-0.784330067,1011,NA
"6Fwjko1",2013,33,0,NA,"Invasion","Persisting",NA,NA,NA,NA
"6Fwjko1",2014,51,1,1.529411765,"Invasion","Persisting",NA,NA,NA,NA
"6Fwjko1",2015,29,2,0.576923077,"Invasion","Persisting",NA,NA,NA,NA
"6Fwjko1",2017,15,4,0.730296743,"Invasion","Persisting",NA,NA,NA,NA
"6Fwjko1",2019,21,6,1.17260394,"Established","Persisting",NA,NA,NA,NA
"TIiPoO3",2011,45159,-4,1.053289494,"Pre-invasion","Persisting",6.938567823,-2.175933881,45159,NA
"TIiPoO3",2018,69090,3,1.062627566,"Invasion","Persisting",6.938567823,-2.175933881,45159,NA
"n4h3Qw5",2003,80,-5,0.882522608,"Pre-invasion","Extirpated",6.126594945,-4,109,NA
"n4h3Qw5",2005,89,-3,1.054092553,"Pre-invasion","Extirpated",6.126594945,-4,109,NA
"n4h3Qw5",2007,109,-1,1.105541597,"Pre-invasion","Extirpated",6.126594945,-4,109,NA
"n4h3Qw5",2008,163,0,1.490909091,"Invasion","Extirpated",6.126594945,-4,109,NA
"n4h3Qw5",2009,22,1,0.140243902,"Invasion","Extirpated",6.126594945,-4,109,NA
"n4h3Qw5",2010,0,2,0.043478261,"Invasion","Extirpated",6.126594945,-4,109,NA
"n4h3Qw5",2011,3,3,4,"Invasion","Extirpated",6.126594945,-4,109,2049
"n4h3Qw5",2013,0,5,0.5,"Invasion","Extirpated",6.126594945,-4,109,NA
"tlR7n9N",2015,27,1,1.395454894,"Invasion","Persisting",NA,NA,NA,NA
"tlR7n9N",2017,42,3,1.239239398,"Invasion","Persisting",NA,NA,NA,NA
"tlR7n9N",2019,50,5,1.089057625,"Invasion","Persisting",NA,NA,NA,NA
"3ZfjeTp",2006,241,-5,1.108343988,"Pre-invasion","Declining",NA,NA,176,NA
"3ZfjeTp",2008,251,-3,1.020452015,"Pre-invasion","Declining",NA,NA,176,NA
"3ZfjeTp",2010,176,-1,0.83808171,"Pre-invasion","Declining",NA,NA,176,NA
"3ZfjeTp",2014,23,3,0.606819452,"Invasion","Declining",NA,NA,176,NA
"3ZfjeTp",2016,11,5,0.707106781,"Invasion","Declining",NA,NA,176,NA
"3ZfjeTp",2018,7,7,0.816496581,"Established","Declining",NA,NA,176,NA
"AjiNlPA",2011,781,-4,0.924975604,"Pre-invasion","Persisting",NA,NA,1268,NA
"AjiNlPA",2013,1268,-2,1.273876818,"Pre-invasion","Persisting",NA,NA,1268,NA
"AjiNlPA",2015,1377,0,1.042062573,"Invasion","Persisting",NA,NA,1268,NA
"AjiNlPA",2017,1684,2,1.105796838,"Invasion","Persisting",NA,NA,1268,NA
"AjiNlPA",2019,333,4,0.445218581,"Invasion","Persisting",NA,NA,1268,NA
"e4KN9wN",2014,222,0,NA,"Invasion","Declining",NA,NA,NA,NA
"e4KN9wN",2016,94,2,0.652693625,"Invasion","Declining",NA,NA,NA,NA
"e4KN9wN",2018,7,4,0.2901905,"Invasion","Declining",NA,NA,NA,NA
"nJ3ETMT",2009,33,-5,0.765641493,"Pre-invasion","Persisting",6.273354276,-0.569465258,8,NA
"nJ3ETMT",2011,10,-3,0.568796459,"Pre-invasion","Persisting",6.273354276,-0.569465258,8,NA
"nJ3ETMT",2013,8,-1,0.904534034,"Pre-invasion","Persisting",6.273354276,-0.569465258,8,NA
"nJ3ETMT",2015,6,1,0.881917104,"Invasion","Persisting",6.273354276,-0.569465258,8,NA
"nJ3ETMT",2017,6,3,1,"Invasion","Persisting",6.273354276,-0.569465258,8,NA
"nJ3ETMT",2019,5,5,0.9258201,"Invasion","Persisting",6.273354276,-0.569465258,8,NA
"4wec2Du",2009,166,-4,0.988234885,"Pre-invasion","Declining",NA,NA,166,NA
"4wec2Du",2014,419,1,1.202559473,"Invasion","Declining",NA,NA,166,NA
"4wec2Du",2016,221,3,0.72702918,"Invasion","Declining",NA,NA,166,NA
"vk8jccD",2010,114,-4,1.310121334,"Pre-invasion","Persisting",NA,NA,63,NA
"vk8jccD",2012,63,-2,0.746003847,"Pre-invasion","Persisting",NA,NA,63,NA
"vk8jccD",2014,63,0,1,"Invasion","Persisting",NA,NA,63,NA
"vk8jccD",2016,11,2,0.433012702,"Invasion","Persisting",NA,NA,63,NA
"vk8jccD",2018,25,4,1.471960144,"Invasion","Persisting",NA,NA,63,NA
"GHzDPVT",2009,628,-5,0.675127471,"Pre-invasion","Persisting",NA,NA,1154,NA
"GHzDPVT",2011,773,-3,1.109290152,"Pre-invasion","Persisting",NA,NA,1154,NA
"GHzDPVT",2013,1154,-1,1.221576057,"Pre-invasion","Persisting",NA,NA,1154,NA
"GHzDPVT",2014,1000,0,0.866666667,"Invasion","Persisting",NA,NA,1154,NA
"GHzDPVT",2017,142,3,0.522757959,"Invasion","Persisting",NA,NA,1154,NA
"GHzDPVT",2019,167,5,1.083893526,"Invasion","Persisting",NA,NA,1154,NA
"Zs7xyWo",2016,36,0,1.029927541,"Invasion","Declining",NA,NA,NA,NA
"Zs7xyWo",2018,1,2,0.232495277,"Invasion","Declining",NA,NA,NA,NA
"t340hf9",2012,3,-2,1.050756639,"Pre-invasion","Extirpated",NA,NA,3,NA
"t340hf9",2014,1,0,0.707106781,"Invasion","Extirpated",NA,NA,3,NA
"t340hf9",2016,1,2,1,"Invasion","Extirpated",NA,NA,3,NA
"t340hf9",2018,0,4,0.707106781,"Invasion","Extirpated",NA,NA,3,NA
"smUOuib",2013,75,0,NA,"Invasion","Persisting",9.879661885,-1.535791581,NA,178
"smUOuib",2014,70,1,0.934210526,"Invasion","Persisting",9.879661885,-1.535791581,NA,278
"smUOuib",2015,76,2,1.084507042,"Invasion","Persisting",9.879661885,-1.535791581,NA,315
"smUOuib",2017,57,4,0.867897893,"Invasion","Persisting",9.879661885,-1.535791581,NA,NA
"smUOuib",2019,34,6,0.776819333,"Established","Persisting",9.879661885,-1.535791581,NA,NA
"FPlbRQC",2005,237,-4,1.119210248,"Pre-invasion","Persisting",8.349908467,-4,232,NA
"FPlbRQC",2007,232,-2,0.989440042,"Pre-invasion","Persisting",8.349908467,-4,232,NA
"FPlbRQC",2009,208,0,0.947098574,"Invasion","Persisting",8.349908467,-4,232,4839
"FPlbRQC",2011,146,2,0.838659217,"Invasion","Persisting",8.349908467,-4,232,NA
"FPlbRQC",2013,45,4,0.559397149,"Invasion","Persisting",8.349908467,-4,232,19
"FPlbRQC",2015,67,6,1.215837518,"Established","Persisting",8.349908467,-4,232,NA
"FPlbRQC",2017,69,8,1.014599312,"Established","Persisting",8.349908467,-4,232,NA
"FPlbRQC",2019,48,10,0.836660027,"Established","Persisting",8.349908467,-4,232,NA
"APxo9zc",2012,0,-2,0.988320484,"Pre-invasion",NA,NA,NA,6,NA
"APxo9zc",2013,6,-1,7,"Pre-invasion",NA,NA,NA,6,NA
"APxo9zc",2014,0,0,0.142857143,"Invasion",NA,NA,NA,6,NA
"9ar53DC",2008,205,-4,0.922626506,"Pre-invasion","Declining",NA,NA,165,NA
"9ar53DC",2010,165,-2,0.897677694,"Pre-invasion","Declining",NA,NA,165,NA
"9ar53DC",2012,80,0,0.698535473,"Invasion","Declining",NA,NA,165,NA
"9ar53DC",2014,79,2,0.99380799,"Invasion","Declining",NA,NA,165,NA
"9ar53DC",2016,51,4,0.806225775,"Invasion","Declining",NA,NA,165,NA
"9ar53DC",2018,39,6,0.877058019,"Established","Declining",NA,NA,165,NA
"68YHpQ1",2011,6,-5,0.980853783,"Pre-invasion",NA,NA,NA,11,NA
"68YHpQ1",2012,11,-4,1.714285714,"Pre-invasion",NA,NA,NA,11,NA
"68YHpQ1",2016,0,0,0.537284966,"Invasion",NA,NA,NA,11,NA
"6cw2pO9",2012,1,-1,NA,"Pre-invasion","Extirpated",NA,NA,1,NA
"6cw2pO9",2013,2,0,1.5,"Invasion","Extirpated",NA,NA,1,NA
"6cw2pO9",2014,0,1,0.333333333,"Invasion","Extirpated",NA,NA,1,NA
"m2aEPqs",2009,118,-4,0.810838186,"Pre-invasion","Persisting",NA,NA,90,NA
"m2aEPqs",2011,90,-2,0.874474632,"Pre-invasion","Persisting",NA,NA,90,NA
"m2aEPqs",2013,113,0,1.119261923,"Invasion","Persisting",NA,NA,90,NA
"m2aEPqs",2015,58,2,0.719405212,"Invasion","Persisting",NA,NA,90,NA
"m2aEPqs",2017,40,4,0.833615771,"Invasion","Persisting",NA,NA,90,NA
"m2aEPqs",2019,80,6,1.405563857,"Established","Persisting",NA,NA,90,NA
"xf9KFlU",2006,14,-5,1,"Pre-invasion","Persisting",7.574687901,-1.484947738,16,NA
"xf9KFlU",2008,16,-3,1.064581295,"Pre-invasion","Persisting",7.574687901,-1.484947738,16,NA
"xf9KFlU",2011,19,0,1.055667192,"Invasion","Persisting",7.574687901,-1.484947738,16,NA
"xf9KFlU",2013,21,2,1.048808848,"Invasion","Persisting",7.574687901,-1.484947738,16,NA
"xf9KFlU",2015,10,4,0.707106781,"Invasion","Persisting",7.574687901,-1.484947738,16,NA
"xf9KFlU",2017,6,6,0.797724035,"Established","Persisting",7.574687901,-1.484947738,16,NA
"xf9KFlU",2019,3,8,0.755928946,"Established","Persisting",7.574687901,-1.484947738,16,NA
"tzt4AKL",2007,350,-5,1.001427552,"Pre-invasion","Persisting",NA,NA,244,NA
"tzt4AKL",2009,244,-3,0.835467353,"Pre-invasion","Persisting",NA,NA,244,NA
"tzt4AKL",2012,297,0,1.06745619,"Invasion","Persisting",NA,NA,244,NA
"tzt4AKL",2014,435,2,1.209581435,"Invasion","Persisting",NA,NA,244,NA
"tzt4AKL",2016,696,4,1.264366977,"Invasion","Persisting",NA,NA,244,NA
"tzt4AKL",2018,832,6,1.093216333,"Established","Persisting",NA,NA,244,NA
"bChdHvu",2006,5,-4,0.816496581,"Pre-invasion","Extirpated",NA,NA,6,NA
"bChdHvu",2008,6,-2,1.08012345,"Pre-invasion","Extirpated",NA,NA,6,NA
"bChdHvu",2010,8,0,1.133893419,"Invasion","Extirpated",NA,NA,6,NA
"bChdHvu",2011,0,1,0.111111111,"Invasion","Extirpated",NA,NA,6,NA
"bChdHvu",2013,2,3,1.732050808,"Invasion","Extirpated",NA,NA,6,NA
"bChdHvu",2015,0,5,0.577350269,"Invasion","Extirpated",NA,NA,6,NA
"p4h0YLc",2009,0,-5,0.707106781,"Pre-invasion",NA,NA,NA,NA,NA
"lIBJDHx",2019,1,7,1.414213562,"Established","Persisting",NA,NA,NA,NA
"GHHhmC2",2015,4,1,NA,"Invasion","Persisting",8.992462312,NA,NA,NA
"GHHhmC2",2017,8,3,1.341640786,"Invasion","Persisting",8.992462312,NA,NA,NA
"GHHhmC2",2019,16,5,1.374368542,"Invasion","Persisting",8.992462312,NA,NA,NA
"8u4nYCC",2008,1,-4,1.414213562,"Pre-invasion",NA,NA,NA,1,NA
"8u4nYCC",2010,0,-2,0.707106781,"Pre-invasion",NA,NA,NA,1,NA
"61lwiM7",2013,18,-1,0.884987449,"Pre-invasion","Extirpated",NA,NA,18,NA
"61lwiM7",2019,0,5,0.612173323,"Invasion","Extirpated",NA,NA,18,NA
"ZQ2OXNk",2015,1,-1,2,"Pre-invasion","Extirpated",NA,NA,1,NA
"ZQ2OXNk",2016,1,0,1,"Invasion","Extirpated",NA,NA,1,NA
"ZQ2OXNk",2017,0,1,0.5,"Invasion","Extirpated",NA,NA,1,NA
"z1fdLhK",2008,1678,-5,1.209105297,"Pre-invasion","Declining",NA,NA,1678,NA
"z1fdLhK",2016,600,3,0.879484059,"Invasion","Declining",NA,NA,1678,NA
"cehJeVL",2016,3,0,1.054766076,"Invasion","Declining",NA,NA,NA,NA
"cehJeVL",2018,2,2,0.866025404,"Invasion","Declining",NA,NA,NA,NA
"LsPHM6U",2012,87,-3,1.058124647,"Pre-invasion",NA,NA,NA,87,NA
"LsPHM6U",2015,41,0,0.781487806,"Invasion",NA,NA,NA,87,NA
"58pCPHU",2005,2150,-5,0.99423892,"Pre-invasion","Persisting",10.46805342,NA,1670,NA
"58pCPHU",2007,2050,-3,0.976478364,"Pre-invasion","Persisting",10.46805342,NA,1670,NA
"58pCPHU",2009,1670,-1,0.90262092,"Pre-invasion","Persisting",10.46805342,NA,1670,NA
"58pCPHU",2011,1800,1,1.038170374,"Invasion","Persisting",10.46805342,NA,1670,NA
"58pCPHU",2013,2006,3,1.055642411,"Invasion","Persisting",10.46805342,NA,1670,NA
"58pCPHU",2015,2671,5,1.153837211,"Invasion","Persisting",10.46805342,NA,1670,NA
"58pCPHU",2017,2443,7,0.956384159,"Established","Persisting",10.46805342,NA,1670,NA
"58pCPHU",2019,870,9,0.596978206,"Established","Persisting",10.46805342,NA,1670,NA
"3Jd63HR",2009,117,-5,1.092592593,"Pre-invasion","Declining",NA,NA,79,NA
"3Jd63HR",2011,79,-3,0.82338697,"Pre-invasion","Declining",NA,NA,79,NA
"3Jd63HR",2013,79,-1,1,"Pre-invasion","Declining",NA,NA,79,NA
"3Jd63HR",2014,81,0,1.025,"Invasion","Declining",NA,NA,79,NA
"3Jd63HR",2017,40,3,0.793700526,"Invasion","Declining",NA,NA,79,NA
"3Jd63HR",2019,37,5,0.962719725,"Invasion","Declining",NA,NA,79,NA
"vQW1iHn",2008,25,-5,0.768706115,"Pre-invasion","Persisting",NA,NA,25,NA
"vQW1iHn",2010,0,-3,0.196116135,"Pre-invasion","Persisting",NA,NA,25,NA
"vQW1iHn",2014,1,1,2,"Invasion","Persisting",NA,NA,25,NA
"vQW1iHn",2015,2,2,1.5,"Invasion","Persisting",NA,NA,25,NA
"vQW1iHn",2019,6,6,1.235930917,"Established","Persisting",NA,NA,25,NA
"orDI6z7",2015,9,0,NA,"Invasion",NA,NA,NA,NA,NA
"GGMovYY",2009,59250,-4,0.873314904,"Pre-invasion","Persisting",6.852068711,NA,48403,NA
"GGMovYY",2011,48403,-2,0.903842553,"Pre-invasion","Persisting",6.852068711,NA,48403,NA
"GGMovYY",2013,49617,0,1.012462627,"Invasion","Persisting",6.852068711,NA,48403,NA
"GGMovYY",2015,30518,2,0.784269855,"Invasion","Persisting",6.852068711,NA,48403,NA
"GGMovYY",2017,31503,4,1.016009339,"Invasion","Persisting",6.852068711,NA,48403,NA
"GGMovYY",2019,25693,6,0.903094111,"Established","Persisting",6.852068711,NA,48403,NA
"irxcbNb",2009,10,-5,0.423076923,"Pre-invasion","Declining",NA,NA,9,NA
"irxcbNb",2012,9,-2,0.968729306,"Pre-invasion","Declining",NA,NA,9,NA
"irxcbNb",2014,10,0,1.048808848,"Invasion","Declining",NA,NA,9,NA
"irxcbNb",2016,6,2,0.797724035,"Invasion","Declining",NA,NA,9,NA
"hIM4Yuy",2009,20,-4,0.623609564,"Pre-invasion","Persisting",NA,NA,6,NA
"hIM4Yuy",2010,32,-3,1.571428571,"Pre-invasion","Persisting",NA,NA,6,NA
"hIM4Yuy",2011,17,-2,0.545454545,"Pre-invasion","Persisting",NA,NA,6,NA
"hIM4Yuy",2012,6,-1,0.388888889,"Pre-invasion","Persisting",NA,NA,6,NA
"hIM4Yuy",2013,12,0,1.857142857,"Invasion","Persisting",NA,NA,6,NA
"hIM4Yuy",2015,0,2,0.277350098,"Invasion","Persisting",NA,NA,6,NA
"hIM4Yuy",2017,3,4,2,"Invasion","Persisting",NA,NA,6,NA
"hIM4Yuy",2019,4,6,1.118033989,"Established","Persisting",NA,NA,6,NA
"iKZ9KQU",2010,35,-5,1.8,"Pre-invasion",NA,NA,NA,30,NA
"iKZ9KQU",2013,30,-2,0.951377912,"Pre-invasion",NA,NA,NA,30,NA
"iKZ9KQU",2015,19,0,0.803219329,"Invasion",NA,NA,NA,30,NA
"VlAQIHD",2008,25,-5,1.042647885,"Pre-invasion","Persisting",NA,NA,16,NA
"VlAQIHD",2010,31,-3,1.109400392,"Pre-invasion","Persisting",NA,NA,16,NA
"VlAQIHD",2012,16,-1,0.728868987,"Pre-invasion","Persisting",NA,NA,16,NA
"VlAQIHD",2014,46,1,1.662740474,"Invasion","Persisting",NA,NA,16,NA
"VlAQIHD",2016,45,3,0.989304505,"Invasion","Persisting",NA,NA,16,NA
"VlAQIHD",2017,34,4,0.760869565,"Invasion","Persisting",NA,NA,16,NA
"VlAQIHD",2018,31,5,0.914285714,"Invasion","Persisting",NA,NA,16,NA
"VlAQIHD",2019,44,6,1.40625,"Established","Persisting",NA,NA,16,NA
"cSZXh4A",2016,2,0,1.041528498,"Invasion","Extirpated",NA,NA,NA,NA
"cSZXh4A",2017,0,1,0.333333333,"Invasion","Extirpated",NA,NA,NA,NA
"OJkWQTR",2011,90,-2,NA,"Pre-invasion","Persisting",NA,NA,90,NA
"OJkWQTR",2013,60,0,0.818736631,"Invasion","Persisting",NA,NA,90,NA
"OJkWQTR",2015,96,2,1.261017024,"Invasion","Persisting",NA,NA,90,NA
"OJkWQTR",2017,86,4,0.947051855,"Invasion","Persisting",NA,NA,90,NA
"OJkWQTR",2019,194,6,1.497123679,"Established","Persisting",NA,NA,90,NA
"phb0Ntx",2007,333,-5,1.312116414,"Pre-invasion","Extirpated",NA,NA,73,NA
"phb0Ntx",2009,73,-3,0.470698296,"Pre-invasion","Extirpated",NA,NA,73,NA
"phb0Ntx",2012,49,0,0.877497918,"Invasion","Extirpated",NA,NA,73,NA
"phb0Ntx",2014,0,2,0.141421356,"Invasion","Extirpated",NA,NA,73,NA
"phb0Ntx",2016,6,4,2.645751311,"Invasion","Extirpated",NA,NA,73,NA
"phb0Ntx",2018,0,6,0.377964473,"Established","Extirpated",NA,NA,73,NA
"zqAr8Ip",2013,123,-4,0.757676761,"Pre-invasion","Declining",NA,NA,136,NA
"zqAr8Ip",2015,136,-2,1.051113081,"Pre-invasion","Declining",NA,NA,136,NA
"zqAr8Ip",2017,134,0,0.992673894,"Invasion","Declining",NA,NA,136,NA
"zqAr8Ip",2019,99,2,0.860662966,"Invasion","Declining",NA,NA,136,NA
"vgPDJ6a",2007,170,-4,1.043634023,"Pre-invasion","Persisting",NA,NA,173,NA
"vgPDJ6a",2009,173,-2,1.00873379,"Pre-invasion","Persisting",NA,NA,173,NA
"vgPDJ6a",2011,266,0,1.23874241,"Invasion","Persisting",NA,NA,173,NA
"vgPDJ6a",2013,192,2,0.850203765,"Invasion","Persisting",NA,NA,173,NA
"vgPDJ6a",2015,240,4,1.117454546,"Invasion","Persisting",NA,NA,173,NA
"vgPDJ6a",2017,205,6,0.924538687,"Established","Persisting",NA,NA,173,NA
"vgPDJ6a",2019,327,8,1.261837157,"Established","Persisting",NA,NA,173,NA
"fLS2CHI",2009,40,-4,NA,"Pre-invasion","Persisting",NA,NA,46,NA
"fLS2CHI",2010,75,-3,1.853658537,"Pre-invasion","Persisting",NA,NA,46,NA
"fLS2CHI",2011,46,-2,0.618421053,"Pre-invasion","Persisting",NA,NA,46,NA
"fLS2CHI",2013,77,0,1.288244724,"Invasion","Persisting",NA,NA,46,NA
"fLS2CHI",2015,105,2,1.165750556,"Invasion","Persisting",NA,NA,46,NA
"fLS2CHI",2017,56,4,0.733304745,"Invasion","Persisting",NA,NA,46,NA
"fLS2CHI",2019,84,6,1.221158495,"Established","Persisting",NA,NA,46,NA
"SEyEKbh",2009,1,-5,0.117647059,"Pre-invasion","Extirpated",NA,NA,2,NA
"SEyEKbh",2010,2,-4,1.5,"Pre-invasion","Extirpated",NA,NA,2,NA
"SEyEKbh",2015,12,1,1.340801291,"Invasion","Extirpated",NA,NA,2,NA
"SEyEKbh",2016,6,2,0.538461538,"Invasion","Extirpated",NA,NA,2,NA
"SEyEKbh",2017,0,3,0.142857143,"Invasion","Extirpated",NA,NA,2,NA
"uaVWA8W",2011,1,0,1.414213562,"Invasion","Extirpated",NA,NA,NA,NA
"uaVWA8W",2013,0,2,0.707106781,"Invasion","Extirpated",NA,NA,NA,NA
"p7FewLP",2007,1,-5,NA,"Pre-invasion",NA,NA,NA,1,NA
"p7FewLP",2009,1,-3,1,"Pre-invasion",NA,NA,NA,1,NA
"p7FewLP",2011,0,-1,0.707106781,"Pre-invasion",NA,NA,NA,1,NA
"zwTpe3r",2011,3,-4,1.154700538,"Pre-invasion",NA,NA,NA,2,NA
"zwTpe3r",2013,2,-2,0.866025404,"Pre-invasion",NA,NA,NA,2,NA
"zwTpe3r",2015,0,0,0.577350269,"Invasion",NA,NA,NA,2,NA
"ybycrNa",2015,14,0,0.982180549,"Invasion",NA,NA,NA,NA,NA
"iJ9t2uL",2007,830,-5,0.956659938,"Pre-invasion","Persisting",8.969877167,NA,586,NA
"iJ9t2uL",2009,586,-3,0.840462883,"Pre-invasion","Persisting",8.969877167,NA,586,NA
"iJ9t2uL",2012,340,0,0.834395768,"Invasion","Persisting",8.969877167,NA,586,NA
"iJ9t2uL",2014,191,2,0.750366479,"Invasion","Persisting",8.969877167,NA,586,NA
"iJ9t2uL",2016,152,4,0.892678554,"Invasion","Persisting",8.969877167,NA,586,NA
"iJ9t2uL",2018,200,6,1.146178647,"Established","Persisting",8.969877167,NA,586,NA
"mfa7jrr",2009,191,-5,1.122807018,"Pre-invasion","Persisting",NA,NA,129,NA
"mfa7jrr",2011,146,-3,0.875,"Pre-invasion","Persisting",NA,NA,129,NA
"mfa7jrr",2012,147,-2,1.006802721,"Pre-invasion","Persisting",NA,NA,129,NA
"mfa7jrr",2013,129,-1,0.878378378,"Pre-invasion","Persisting",NA,NA,129,NA
"mfa7jrr",2014,17,0,0.138461538,"Invasion","Persisting",NA,NA,129,NA
"mfa7jrr",2015,14,1,0.833333333,"Invasion","Persisting",NA,NA,129,NA
"mfa7jrr",2017,17,3,1.095445115,"Invasion","Persisting",NA,NA,129,NA
"mfa7jrr",2019,21,5,1.105541597,"Invasion","Persisting",NA,NA,129,NA
"tk6pCIG",2007,1,-4,1.414213562,"Pre-invasion","Persisting",4.68708494,-0.699221462,1,NA
"tk6pCIG",2009,0,-2,0.707106781,"Pre-invasion","Persisting",4.68708494,-0.699221462,1,NA
"tk6pCIG",2019,1,8,1.414213562,"Established","Persisting",4.68708494,-0.699221462,1,NA
"KL7r6Ev",2009,41,-4,0.67936622,"Pre-invasion","Persisting",NA,NA,30,NA
"KL7r6Ev",2011,30,-2,0.859124693,"Pre-invasion","Persisting",NA,NA,30,NA
"KL7r6Ev",2013,21,0,0.842423539,"Invasion","Persisting",NA,NA,30,NA
"KL7r6Ev",2015,15,2,0.852802865,"Invasion","Persisting",NA,NA,30,NA
"KL7r6Ev",2017,11,4,0.866025404,"Invasion","Persisting",NA,NA,30,NA
"KL7r6Ev",2019,13,6,1.08012345,"Established","Persisting",NA,NA,30,NA
"Q3p6rUG",2005,0,-4,0.707106781,"Pre-invasion","Extirpated",NA,NA,3,NA
"Q3p6rUG",2007,3,-2,2,"Pre-invasion","Extirpated",NA,NA,3,NA
"Q3p6rUG",2009,1,0,0.707106781,"Invasion","Extirpated",NA,NA,3,NA
"Q3p6rUG",2011,1,2,1,"Invasion","Extirpated",NA,NA,3,5
"Q3p6rUG",2012,0,3,0.5,"Invasion","Extirpated",NA,NA,3,NA
"XwaG3jd",2012,29,-2,0.995970619,"Pre-invasion","Extirpated",NA,NA,29,NA
"XwaG3jd",2014,21,0,0.856348839,"Invasion","Extirpated",NA,NA,29,NA
"XwaG3jd",2016,0,2,0.213200716,"Invasion","Extirpated",NA,NA,29,NA
"r8ihfpQ",2007,90,-5,0.97361012,"Pre-invasion","Persisting",NA,NA,61,NA
"r8ihfpQ",2009,61,-3,0.825420306,"Pre-invasion","Persisting",NA,NA,61,NA
"r8ihfpQ",2012,86,0,1.119547491,"Invasion","Persisting",NA,NA,61,NA
"r8ihfpQ",2014,7,2,0.303239217,"Invasion","Persisting",NA,NA,61,NA
"r8ihfpQ",2016,0,4,0.353553391,"Invasion","Persisting",NA,NA,61,NA
"r8ihfpQ",2018,1,6,1.414213562,"Established","Persisting",NA,NA,61,NA
"nuwz3Vd",2006,1,-2,1.414213562,"Pre-invasion","Extirpated",NA,NA,1,NA
"nuwz3Vd",2012,0,4,0.890898718,"Invasion","Extirpated",NA,NA,1,NA
"m5TxwVa",2013,1,0,NA,"Invasion",NA,NA,NA,NA,NA
"MsjEXC5",2006,1,-4,1.25992105,"Pre-invasion","Extirpated",NA,NA,1,NA
"MsjEXC5",2012,0,2,0.890898718,"Invasion","Extirpated",NA,NA,1,NA
"1OenYmM",2005,33,-5,1.303840481,"Pre-invasion","Extirpated",NA,NA,23,NA
"1OenYmM",2007,16,-3,0.707106781,"Pre-invasion","Extirpated",NA,NA,23,NA
"1OenYmM",2009,23,-1,1.188177052,"Pre-invasion","Extirpated",NA,NA,23,61
"1OenYmM",2011,1,1,0.288675135,"Invasion","Extirpated",NA,NA,23,NA
"1OenYmM",2013,4,3,1.58113883,"Invasion","Extirpated",NA,NA,23,23
"1OenYmM",2015,1,5,0.632455532,"Invasion","Extirpated",NA,NA,23,NA
"1OenYmM",2017,1,7,1,"Established","Extirpated",NA,NA,23,NA
"1OenYmM",2019,0,9,0.707106781,"Established","Extirpated",NA,NA,23,NA
"SmNCRBd",2013,27,-2,NA,"Pre-invasion","Declining",NA,NA,25,NA
"SmNCRBd",2014,25,-1,0.928571429,"Pre-invasion","Declining",NA,NA,25,NA
"SmNCRBd",2016,12,1,0.707106781,"Invasion","Declining",NA,NA,25,NA
"SmNCRBd",2017,5,2,0.461538462,"Invasion","Declining",NA,NA,25,1
"SmNCRBd",2019,3,4,0.816496581,"Invasion","Declining",NA,NA,25,NA
"jjd7ODJ",2010,7,-4,0.707106781,"Pre-invasion","Persisting",NA,NA,37,NA
"jjd7ODJ",2012,3,-2,0.707106781,"Pre-invasion","Persisting",NA,NA,37,NA
"jjd7ODJ",2013,37,-1,9.5,"Pre-invasion","Persisting",NA,NA,37,NA
"jjd7ODJ",2014,15,0,0.421052632,"Invasion","Persisting",NA,NA,37,NA
"jjd7ODJ",2016,49,2,1.767766953,"Invasion","Persisting",NA,NA,37,NA
"jjd7ODJ",2018,2,4,0.244948974,"Invasion","Persisting",NA,NA,37,NA
"TegbenX",2004,297,-4,NA,"Pre-invasion","Declining",NA,NA,297,NA
"TegbenX",2009,62,1,0.732866478,"Invasion","Declining",NA,NA,297,NA
"TegbenX",2013,53,5,0.962195458,"Invasion","Declining",NA,NA,297,NA
"TegbenX",2017,19,9,0.780115773,"Established","Declining",NA,NA,297,NA
"aoL6X0e",2011,175,-4,1.259200375,"Pre-invasion","Declining",NA,NA,171,NA
"aoL6X0e",2013,171,-2,0.988571053,"Pre-invasion","Declining",NA,NA,171,NA
"aoL6X0e",2015,78,0,0.677718471,"Invasion","Declining",NA,NA,171,NA
"aoL6X0e",2017,22,2,0.539573202,"Invasion","Declining",NA,NA,171,NA
"LSmvOFG",2010,1,-4,NA,"Pre-invasion",NA,NA,NA,1,NA
"LSmvOFG",2013,1,-1,1,"Pre-invasion",NA,NA,NA,1,NA
"LSmvOFG",2014,0,0,0.5,"Invasion",NA,NA,NA,1,NA
"20NGOQi",2008,849,-5,0.911086234,"Pre-invasion","Declining",NA,NA,422,NA
"20NGOQi",2010,655,-3,0.878501398,"Pre-invasion","Declining",NA,NA,422,NA
"20NGOQi",2012,422,-1,0.803005027,"Pre-invasion","Declining",NA,NA,422,NA
"20NGOQi",2014,1010,1,1.545985421,"Invasion","Declining",NA,NA,422,NA
"20NGOQi",2016,201,3,0.446992367,"Invasion","Declining",NA,NA,422,NA
"20NGOQi",2018,153,5,0.873141591,"Invasion","Declining",NA,NA,422,NA
"57OCEff",2006,250,-4,1.13745964,"Pre-invasion","Declining",NA,NA,287,NA
"57OCEff",2008,287,-2,1.071172422,"Pre-invasion","Declining",NA,NA,287,NA
"57OCEff",2010,304,0,1.029090753,"Invasion","Declining",NA,NA,287,NA
"57OCEff",2011,179,1,0.590163934,"Invasion","Declining",NA,NA,287,NA
"57OCEff",2014,34,4,0.579337774,"Invasion","Declining",NA,NA,287,NA
"57OCEff",2016,29,6,0.9258201,"Established","Declining",NA,NA,287,NA
"57OCEff",2018,26,8,0.948683298,"Established","Declining",NA,NA,287,NA
"5PvzGm2",2017,197419,3,NA,"Invasion","Declining",NA,NA,NA,NA
"5PvzGm2",2019,180801,5,0.956987007,"Invasion","Declining",NA,NA,NA,NA
"58b9fDs",2010,1,2,2,"Invasion","Extirpated",NA,NA,NA,3
"58b9fDs",2011,1,3,1,"Invasion","Extirpated",NA,NA,NA,0
"58b9fDs",2012,0,4,0.5,"Invasion","Extirpated",NA,NA,NA,1
"58b9fDs",2013,1,5,2,"Invasion","Extirpated",NA,NA,NA,0
"58b9fDs",2014,1,6,1,"Established","Extirpated",NA,NA,NA,2
"58b9fDs",2015,1,7,1,"Established","Extirpated",NA,NA,NA,9
"58b9fDs",2017,0,9,0.707106781,"Established","Extirpated",NA,NA,NA,11
"SevDceU",2009,93,-4,1.119523708,"Pre-invasion","Extirpated",NA,NA,93,NA
"SevDceU",2014,29,1,0.795790372,"Invasion","Extirpated",NA,NA,93,NA
"SevDceU",2016,0,3,0.182574186,"Invasion","Extirpated",NA,NA,93,NA
"W5rom0l",2009,169,-5,0.908428709,"Pre-invasion","Declining",NA,NA,144,NA
"W5rom0l",2011,77,-3,0.677365137,"Pre-invasion","Declining",NA,NA,144,NA
"W5rom0l",2012,144,-2,1.858974359,"Pre-invasion","Declining",NA,NA,144,NA
"W5rom0l",2014,245,0,1.302517456,"Invasion","Declining",NA,NA,144,NA
"W5rom0l",2017,9,3,0.343838865,"Invasion","Declining",NA,NA,144,NA
"W5rom0l",2019,6,5,0.836660027,"Invasion","Declining",NA,NA,144,NA
"SPG41pi",2016,93,0,NA,"Invasion","Declining",NA,NA,NA,NA
"SPG41pi",2017,48,1,0.521276596,"Invasion","Declining",NA,NA,NA,NA
"9yug5AL",2005,57,-5,0.923548145,"Pre-invasion","Persisting",7.155806094,-1.649681352,61,NA
"9yug5AL",2007,68,-3,1.090713149,"Pre-invasion","Persisting",7.155806094,-1.649681352,61,NA
"9yug5AL",2009,61,-1,0.947919155,"Pre-invasion","Persisting",7.155806094,-1.649681352,61,1593
"9yug5AL",2011,74,1,1.099853363,"Invasion","Persisting",7.155806094,-1.649681352,61,NA
"9yug5AL",2013,54,3,0.856348839,"Invasion","Persisting",7.155806094,-1.649681352,61,33
"9yug5AL",2015,55,5,1.009049958,"Invasion","Persisting",7.155806094,-1.649681352,61,NA
"9yug5AL",2017,46,7,0.916125381,"Established","Persisting",7.155806094,-1.649681352,61,NA
"9yug5AL",2019,43,9,0.967558894,"Established","Persisting",7.155806094,-1.649681352,61,NA
"q4nsOcK",2016,0,2,0.568233091,"Invasion","Extirpated",NA,NA,NA,NA
"c41uRiW",2009,403,-5,0.89090581,"Pre-invasion","Persisting",NA,NA,429,NA
"c41uRiW",2011,197,-3,0.700070718,"Pre-invasion","Persisting",NA,NA,429,NA
"c41uRiW",2013,429,-1,1.473674717,"Pre-invasion","Persisting",NA,NA,429,NA
"c41uRiW",2015,419,1,0.988303691,"Invasion","Persisting",NA,NA,429,NA
"c41uRiW",2017,125,3,0.547722558,"Invasion","Persisting",NA,NA,429,NA
"c41uRiW",2019,134,5,1.035098339,"Invasion","Persisting",NA,NA,429,NA
"txhPbh2",2016,2,2,1.732050808,"Invasion","Persisting",NA,NA,NA,NA
"sFmpYOm",2008,50,-5,0.835840976,"Pre-invasion","Persisting",NA,NA,27,NA
"sFmpYOm",2010,43,-3,0.928840728,"Pre-invasion","Persisting",NA,NA,27,NA
"sFmpYOm",2012,27,-1,0.797724035,"Pre-invasion","Persisting",NA,NA,27,NA
"sFmpYOm",2014,27,1,1,"Invasion","Persisting",NA,NA,27,NA
"sFmpYOm",2016,7,3,0.534522484,"Invasion","Persisting",NA,NA,27,NA
"sFmpYOm",2018,9,5,1.118033989,"Invasion","Persisting",NA,NA,27,NA
"oMq0XOY",2007,9,-5,0.620173673,"Pre-invasion","Extirpated",NA,NA,9,NA
"oMq0XOY",2012,18,0,1.136974489,"Invasion","Extirpated",NA,NA,9,NA
"oMq0XOY",2014,0,2,0.229415734,"Invasion","Extirpated",NA,NA,9,NA
"aNtFcnF",2004,537,-5,2.061962231,"Pre-invasion","Persisting",NA,NA,537,NA
"aNtFcnF",2014,110,5,0.853992527,"Invasion","Persisting",NA,NA,537,NA
"aNtFcnF",2015,192,6,1.738738739,"Established","Persisting",NA,NA,537,NA
"aNtFcnF",2016,127,7,0.663212435,"Established","Persisting",NA,NA,537,NA
"aNtFcnF",2018,78,9,0.785612818,"Established","Persisting",NA,NA,537,NA
"dFMQMS5",2008,8,-4,1.162308065,"Pre-invasion","Persisting",NA,NA,8,NA
"dFMQMS5",2012,6,0,0.939104416,"Invasion","Persisting",NA,NA,8,NA
"dFMQMS5",2014,22,2,1.812653934,"Invasion","Persisting",NA,NA,8,NA
"FtB9Q7D",2007,55,-5,0.7368063,"Pre-invasion","Persisting",NA,NA,3,NA
"FtB9Q7D",2009,82,-3,1.217432896,"Pre-invasion","Persisting",NA,NA,3,NA
"FtB9Q7D",2011,3,-1,0.21952852,"Pre-invasion","Persisting",NA,NA,3,NA
"FtB9Q7D",2012,35,0,9,"Invasion","Persisting",NA,NA,3,246
"FtB9Q7D",2013,137,1,3.833333333,"Invasion","Persisting",NA,NA,3,200
"FtB9Q7D",2014,105,2,0.768115942,"Invasion","Persisting",NA,NA,3,182
"FtB9Q7D",2015,160,3,1.518867925,"Invasion","Persisting",NA,NA,3,50
"FtB9Q7D",2017,91,5,0.755928946,"Invasion","Persisting",NA,NA,3,NA
"FtB9Q7D",2019,73,7,0.896854406,"Established","Persisting",NA,NA,3,NA
"N8Pi7oy",2011,49,-4,0.767796641,"Pre-invasion",NA,NA,NA,12,NA
"N8Pi7oy",2013,12,-2,0.509901951,"Pre-invasion",NA,NA,NA,12,NA
"N8Pi7oy",2015,1,0,0.39223227,"Invasion",NA,NA,NA,12,NA
"b2jH4K8",2010,86,-4,1.131093145,"Pre-invasion","Declining",NA,NA,182,NA
"b2jH4K8",2012,182,-2,1.450326955,"Pre-invasion","Declining",NA,NA,182,NA
"b2jH4K8",2014,202,0,1.053228189,"Invasion","Declining",NA,NA,182,NA
"b2jH4K8",2017,100,3,0.792395095,"Invasion","Declining",NA,NA,182,NA
"JiFQCr1",2005,95,-4,1.921537846,"Pre-invasion","Persisting",8.235028135,-1.001474818,158,NA
"JiFQCr1",2006,93,-3,0.979166667,"Pre-invasion","Persisting",8.235028135,-1.001474818,158,NA
"JiFQCr1",2007,158,-2,1.691489362,"Pre-invasion","Persisting",8.235028135,-1.001474818,158,NA
"JiFQCr1",2009,139,0,0.938351291,"Invasion","Persisting",8.235028135,-1.001474818,158,NA
"JiFQCr1",2010,82,1,0.592857143,"Invasion","Persisting",8.235028135,-1.001474818,158,NA
"JiFQCr1",2011,90,2,1.096385542,"Invasion","Persisting",8.235028135,-1.001474818,158,NA
"JiFQCr1",2013,79,4,0.937614462,"Invasion","Persisting",8.235028135,-1.001474818,158,NA
"JiFQCr1",2015,94,6,1.089724736,"Established","Persisting",8.235028135,-1.001474818,158,NA
"JiFQCr1",2017,67,8,0.846043423,"Established","Persisting",8.235028135,-1.001474818,158,NA
"JiFQCr1",2019,79,10,1.084652289,"Established","Persisting",8.235028135,-1.001474818,158,NA
"ErgjIGd",2013,18,0,NA,"Invasion","Persisting",NA,NA,NA,NA
"ErgjIGd",2015,16,2,0.945905303,"Invasion","Persisting",NA,NA,NA,NA
"ErgjIGd",2016,17,3,1.058823529,"Invasion","Persisting",NA,NA,NA,NA
"ErgjIGd",2017,10,4,0.611111111,"Invasion","Persisting",NA,NA,NA,NA
"ErgjIGd",2019,2,6,0.522232968,"Established","Persisting",NA,NA,NA,NA
"ccPr1T9",2014,9,0,0.944525963,"Invasion",NA,NA,NA,NA,NA
"SB1bdJh",2013,91,-2,1.652717583,"Pre-invasion","Declining",NA,NA,91,NA
"SB1bdJh",2015,58,0,0.800814802,"Invasion","Declining",NA,NA,91,NA
"SB1bdJh",2017,2,2,0.225493808,"Invasion","Declining",NA,NA,91,NA
"UEEnmNZ",2009,18484,-4,0.852063573,"Pre-invasion","Declining",6.090436601,NA,20403,NA
"UEEnmNZ",2011,20403,-2,1.050625482,"Pre-invasion","Declining",6.090436601,NA,20403,NA
"UEEnmNZ",2013,13813,0,0.82281475,"Invasion","Declining",6.090436601,NA,20403,NA
"UEEnmNZ",2015,2424,2,0.418982753,"Invasion","Declining",6.090436601,NA,20403,NA
"UEEnmNZ",2017,742,4,0.55352665,"Invasion","Declining",6.090436601,NA,20403,NA
"UEEnmNZ",2019,72,6,0.313449097,"Established","Declining",6.090436601,NA,20403,NA
"Ueaqp64",2010,27,-4,0.740958574,"Pre-invasion","Persisting",NA,NA,68,NA
"Ueaqp64",2012,68,-2,1.569804355,"Pre-invasion","Persisting",NA,NA,68,NA
"Ueaqp64",2014,36,0,0.732278556,"Invasion","Persisting",NA,NA,68,NA
"Ueaqp64",2016,38,2,1.026671347,"Invasion","Persisting",NA,NA,68,NA
"Ueaqp64",2018,1,4,0.226455407,"Invasion","Persisting",NA,NA,68,NA
"SsOX8Vm",2008,10,-4,2.34520788,"Pre-invasion","Extirpated",NA,NA,10,NA
"SsOX8Vm",2012,1,0,0.652994206,"Invasion","Extirpated",NA,NA,10,NA
"SsOX8Vm",2016,0,4,0.840896415,"Invasion","Extirpated",NA,NA,10,NA
"4QgCHZs",2011,4,0,1.709975947,"Invasion","Extirpated",NA,NA,NA,NA
"4QgCHZs",2016,0,5,0.724779664,"Invasion","Extirpated",NA,NA,NA,NA
"B01lzFg",2013,9,0,1.038138067,"Invasion",NA,NA,NA,NA,NA
"mefowYp",2009,1059,-4,0.88940698,"Pre-invasion","Persisting",NA,NA,1100,NA
"mefowYp",2011,1100,-2,1.019156144,"Pre-invasion","Persisting",NA,NA,1100,NA
"mefowYp",2013,3370,0,1.74978914,"Invasion","Persisting",NA,NA,1100,NA
"mefowYp",2015,6679,2,1.40769593,"Invasion","Persisting",NA,NA,1100,NA
"mefowYp",2017,5289,4,0.889896717,"Invasion","Persisting",NA,NA,1100,NA
"mefowYp",2019,4972,6,0.969574966,"Established","Persisting",NA,NA,1100,NA
"I2uhb55",2003,8640,-5,0.947899283,"Pre-invasion","Persisting",5.713007657,-3.678278498,13014,NA
"I2uhb55",2005,11394,-3,1.148352347,"Pre-invasion","Persisting",5.713007657,-3.678278498,13014,NA
"I2uhb55",2007,13014,-1,1.068722423,"Pre-invasion","Persisting",5.713007657,-3.678278498,13014,NA
"I2uhb55",2008,124,0,0.009604303,"Invasion","Persisting",5.713007657,-3.678278498,13014,NA
"I2uhb55",2009,341,1,2.736,"Invasion","Persisting",5.713007657,-3.678278498,13014,NA
"I2uhb55",2010,190,2,0.558479532,"Invasion","Persisting",5.713007657,-3.678278498,13014,10251
"I2uhb55",2011,122,3,0.643979058,"Invasion","Persisting",5.713007657,-3.678278498,13014,16673
"I2uhb55",2013,123,5,1.004056812,"Invasion","Persisting",5.713007657,-3.678278498,13014,NA
"I2uhb55",2015,191,7,1.244342034,"Established","Persisting",5.713007657,-3.678278498,13014,NA
"I2uhb55",2017,134,9,0.838525492,"Established","Persisting",5.713007657,-3.678278498,13014,NA
"HRa2JeU",2008,340,-5,0.793923317,"Pre-invasion","Persisting",NA,NA,333,NA
"HRa2JeU",2010,356,-3,1.023191488,"Pre-invasion","Persisting",NA,NA,333,NA
"HRa2JeU",2012,333,-1,0.967250862,"Pre-invasion","Persisting",NA,NA,333,NA
"HRa2JeU",2014,268,1,0.897434801,"Invasion","Persisting",NA,NA,333,NA
"HRa2JeU",2016,330,3,1.109271505,"Invasion","Persisting",NA,NA,333,NA
"HRa2JeU",2018,247,5,0.865589229,"Invasion","Persisting",NA,NA,333,NA
"gaFtk0v",2012,592,-4,1.162238042,"Pre-invasion","Declining",NA,NA,592,NA
"gaFtk0v",2016,455,0,0.936434784,"Invasion","Declining",NA,NA,592,NA
"gaFtk0v",2018,212,2,0.683450995,"Invasion","Declining",NA,NA,592,NA
"105mHfR",2011,203,-4,0.990337938,"Pre-invasion","Declining",NA,NA,186,NA
"105mHfR",2013,186,-2,0.957427108,"Pre-invasion","Declining",NA,NA,186,NA
"105mHfR",2015,267,0,1.197144553,"Invasion","Declining",NA,NA,186,NA
"105mHfR",2017,174,2,0.808074919,"Invasion","Declining",NA,NA,186,NA
"105mHfR",2019,127,4,0.855235974,"Invasion","Declining",NA,NA,186,NA
"u38GLc4",2009,0,-5,0.732997248,"Pre-invasion","Declining",NA,NA,32,NA
"u38GLc4",2011,20,-3,4.582575695,"Pre-invasion","Declining",NA,NA,32,NA
"u38GLc4",2012,32,-2,1.571428571,"Pre-invasion","Declining",NA,NA,32,NA
"u38GLc4",2014,26,0,0.904534034,"Invasion","Declining",NA,NA,32,NA
"u38GLc4",2016,6,2,0.509175077,"Invasion","Declining",NA,NA,32,NA
"u38GLc4",2018,4,4,0.845154255,"Invasion","Declining",NA,NA,32,NA
"mUKkfeH",2012,1,-2,0.884865086,"Pre-invasion","Declining",NA,NA,1,NA
"mUKkfeH",2015,5,1,1.44224957,"Invasion","Declining",NA,NA,1,NA
"mUKkfeH",2017,1,3,0.577350269,"Invasion","Declining",NA,NA,1,NA
"RSsmJz9",2007,5481,-5,0.835031764,"Pre-invasion","Declining",8.977668712,-3.187932769,7435,NA
"RSsmJz9",2009,7983,-3,1.206815136,"Pre-invasion","Declining",8.977668712,-3.187932769,7435,NA
"RSsmJz9",2011,7435,-1,0.965071358,"Pre-invasion","Declining",8.977668712,-3.187932769,7435,640
"RSsmJz9",2013,9076,1,1.104845312,"Invasion","Declining",8.977668712,-3.187932769,7435,560
"RSsmJz9",2014,1753,2,0.193235651,"Invasion","Declining",8.977668712,-3.187932769,7435,487
"RSsmJz9",2015,1117,3,0.637400228,"Invasion","Declining",8.977668712,-3.187932769,7435,28
"RSsmJz9",2017,746,5,0.81740897,"Invasion","Declining",8.977668712,-3.187932769,7435,NA
"RSsmJz9",2019,736,7,0.993284007,"Established","Declining",8.977668712,-3.187932769,7435,NA
"1VBoKEw",2017,12,0,0.801839867,"Invasion",NA,NA,NA,NA,NA
"VwyA5nt",2010,873,2,NA,"Invasion","Declining",NA,NA,NA,NA
"VwyA5nt",2011,718,3,0.822654462,"Invasion","Declining",NA,NA,NA,323
"VwyA5nt",2013,366,5,0.714444648,"Invasion","Declining",NA,NA,NA,NA
"VwyA5nt",2015,150,7,0.641439118,"Established","Declining",NA,NA,NA,NA
"VwyA5nt",2017,137,9,0.955984981,"Established","Declining",NA,NA,NA,NA
"7f9kSB2",2003,12264,-5,1.266533348,"Pre-invasion","Persisting",4.071239733,-1.473988638,24317,NA
"7f9kSB2",2005,15438,-3,1.121955953,"Pre-invasion","Persisting",4.071239733,-1.473988638,24317,NA
"7f9kSB2",2007,24317,-1,1.255030683,"Pre-invasion","Persisting",4.071239733,-1.473988638,24317,NA
"7f9kSB2",2008,23017,0,0.946541656,"Invasion","Persisting",4.071239733,-1.473988638,24317,NA
"7f9kSB2",2009,17255,1,0.749674168,"Invasion","Persisting",4.071239733,-1.473988638,24317,5679
"7f9kSB2",2010,8152,2,0.472473343,"Invasion","Persisting",4.071239733,-1.473988638,24317,4749
"7f9kSB2",2011,6389,3,0.783760579,"Invasion","Persisting",4.071239733,-1.473988638,24317,6767
"7f9kSB2",2013,3251,5,0.713386422,"Invasion","Persisting",4.071239733,-1.473988638,24317,NA
"7f9kSB2",2015,918,7,0.531596958,"Established","Persisting",4.071239733,-1.473988638,24317,NA
"7f9kSB2",2017,1106,9,1.097529127,"Established","Persisting",4.071239733,-1.473988638,24317,NA
"VX5TSEI",2003,762,-5,1.276848417,"Pre-invasion","Extirpated",4.55295765,-2.420724124,1003,NA
"VX5TSEI",2005,1028,-3,1.161302654,"Pre-invasion","Extirpated",4.55295765,-2.420724124,1003,NA
"VX5TSEI",2007,1003,-1,0.98777759,"Pre-invasion","Extirpated",4.55295765,-2.420724124,1003,NA
"VX5TSEI",2008,91,0,0.091633466,"Invasion","Extirpated",4.55295765,-2.420724124,1003,NA
"VX5TSEI",2009,32,1,0.358695652,"Invasion","Extirpated",4.55295765,-2.420724124,1003,NA
"VX5TSEI",2010,26,2,0.818181818,"Invasion","Extirpated",4.55295765,-2.420724124,1003,31
"VX5TSEI",2011,11,3,0.444444444,"Invasion","Extirpated",4.55295765,-2.420724124,1003,24
"VX5TSEI",2013,4,5,0.645497224,"Invasion","Extirpated",4.55295765,-2.420724124,1003,NA
"VX5TSEI",2015,1,7,0.632455532,"Established","Extirpated",4.55295765,-2.420724124,1003,NA
"VX5TSEI",2017,0,9,0.707106781,"Established","Extirpated",4.55295765,-2.420724124,1003,NA
"7MXnsXD",2010,398,2,NA,"Invasion","Declining",NA,NA,NA,NA
"7MXnsXD",2011,230,3,0.578947368,"Invasion","Declining",NA,NA,NA,NA
"7MXnsXD",2013,16,5,0.271280433,"Invasion","Declining",NA,NA,NA,NA
"7MXnsXD",2017,1,9,0.585659603,"Established","Declining",NA,NA,NA,NA
"p7IkTRx",2009,3,1,1.25992105,"Invasion","Persisting",NA,NA,NA,NA
"p7IkTRx",2010,1,2,0.5,"Invasion","Persisting",NA,NA,NA,212
"p7IkTRx",2011,18,3,9.5,"Invasion","Persisting",NA,NA,NA,33
"p7IkTRx",2013,10,5,0.76088591,"Invasion","Persisting",NA,NA,NA,NA
"p7IkTRx",2015,1,7,0.426401433,"Established","Persisting",NA,NA,NA,NA
"9YCvw6Z",2010,1,2,NA,"Invasion","Declining",NA,NA,NA,NA
"aHxXTdt",2008,20,-2,0.925063446,"Pre-invasion","Persisting",NA,NA,20,NA
"aHxXTdt",2012,23,2,1.033946308,"Invasion","Persisting",NA,NA,20,NA
"aHxXTdt",2015,14,5,0.854987973,"Invasion","Persisting",NA,NA,20,NA
"9AI3sEB",2009,57,-4,0.641363795,"Pre-invasion","Declining",NA,NA,17,NA
"9AI3sEB",2011,17,-2,0.557086015,"Pre-invasion","Declining",NA,NA,17,NA
"9AI3sEB",2013,58,0,1.810463415,"Invasion","Declining",NA,NA,17,NA
"9AI3sEB",2015,3,2,0.260377822,"Invasion","Declining",NA,NA,17,NA
"9AI3sEB",2019,1,6,0.840896415,"Established","Declining",NA,NA,17,NA
"sa5YFmy",2009,1,-2,NA,"Pre-invasion","Persisting",NA,NA,1,1565
"sa5YFmy",2011,0,0,0.707106781,"Invasion","Persisting",NA,NA,1,NA
"sa5YFmy",2015,5,4,2.449489743,"Invasion","Persisting",NA,NA,1,NA
"sa5YFmy",2017,0,6,0.40824829,"Established","Persisting",NA,NA,1,NA
"sa5YFmy",2019,4,8,2.236067977,"Established","Persisting",NA,NA,1,NA
"3oSsgCu",2009,762,-4,0.728421618,"Pre-invasion","Persisting",NA,NA,875,NA
"3oSsgCu",2011,875,-2,1.0714941,"Pre-invasion","Persisting",NA,NA,875,NA
"3oSsgCu",2013,1048,0,1.094298216,"Invasion","Persisting",NA,NA,875,260
"3oSsgCu",2014,1097,1,1.046711153,"Invasion","Persisting",NA,NA,875,1193
"3oSsgCu",2015,1351,2,1.23132969,"Invasion","Persisting",NA,NA,875,1024
"3oSsgCu",2017,755,4,0.747777773,"Invasion","Persisting",NA,NA,875,NA
"3oSsgCu",2019,884,6,1.081958835,"Established","Persisting",NA,NA,875,NA
"77cEY6Y",2006,2,-2,1.44224957,"Pre-invasion","Extirpated",NA,NA,2,NA
"77cEY6Y",2009,3,1,1.100642416,"Invasion","Extirpated",NA,NA,2,2572
"77cEY6Y",2012,0,4,0.629960525,"Invasion","Extirpated",NA,NA,2,20
"1GaUzoW",2007,49936,-4,0.953607558,"Pre-invasion","Persisting",9.329775171,NA,52597,NA
"1GaUzoW",2009,52597,-2,1.026297784,"Pre-invasion","Persisting",9.329775171,NA,52597,NA
"1GaUzoW",2011,64372,0,1.1062856,"Invasion","Persisting",9.329775171,NA,52597,NA
"1GaUzoW",2013,56812,2,0.939446357,"Invasion","Persisting",9.329775171,NA,52597,NA
"1GaUzoW",2015,54239,4,0.977093173,"Invasion","Persisting",9.329775171,NA,52597,NA
"1GaUzoW",2017,50680,6,0.966635515,"Established","Persisting",9.329775171,NA,52597,NA
"1GaUzoW",2019,55095,8,1.042647358,"Established","Persisting",9.329775171,NA,52597,NA
"5Qn7PAw",2013,60,0,1.330422328,"Invasion","Declining",NA,NA,NA,NA
"5Qn7PAw",2015,39,2,0.80977633,"Invasion","Declining",NA,NA,NA,NA
"5Qn7PAw",2017,17,4,0.670820393,"Invasion","Declining",NA,NA,NA,NA
"5Qn7PAw",2019,11,6,0.816496581,"Established","Declining",NA,NA,NA,NA
"Q2d46il",2011,53,-2,0.855102343,"Pre-invasion","Declining",NA,NA,53,NA
"Q2d46il",2013,32,0,0.78173596,"Invasion","Declining",NA,NA,53,NA
"Q2d46il",2015,18,2,0.758786911,"Invasion","Declining",NA,NA,53,NA
"Q2d46il",2017,16,4,0.945905303,"Invasion","Declining",NA,NA,53,NA
"Q2d46il",2019,14,6,0.939336437,"Established","Declining",NA,NA,53,NA
"vCR6WLl",2013,1925,0,1.067433634,"Invasion","Persisting",8.159843559,-1.461140392,NA,NA
"vCR6WLl",2014,1081,1,0.561786085,"Invasion","Persisting",8.159843559,-1.461140392,NA,15038
"vCR6WLl",2015,387,2,0.358595194,"Invasion","Persisting",8.159843559,-1.461140392,NA,16589
"vCR6WLl",2016,161,3,0.417525773,"Invasion","Persisting",8.159843559,-1.461140392,NA,1192
"vCR6WLl",2018,37,5,0.484322105,"Invasion","Persisting",8.159843559,-1.461140392,NA,NA
"vCR6WLl",2019,58,6,1.552631579,"Established","Persisting",8.159843559,-1.461140392,NA,374
"vCR6WLl",2020,33,7,0.576271186,"Established","Persisting",8.159843559,-1.461140392,NA,1050
"vCR6WLl",2021,65,8,1.941176471,"Established","Persisting",8.159843559,-1.461140392,NA,1351
"vCR6WLl",2022,23,9,0.363636364,"Established","Persisting",8.159843559,-1.461140392,NA,1189
